name,category,url,area_min_m2,area_max_m2,floor,ceiling_height_m,electricity_kw,signage,separate_entrance,restroom,restrictions,contacts_email,raw_requirements
КРАСНОЕ И БЕЛОЕ,Алкомаркеты,/kb.php,80.0,400.0,первый этаж,2.5,,False,True,False,"не должны находиться детские, образовательные учреждения, спортивные сооружения или учрежден",razvitie@krasnoe-beloe.ru,"В радиусе 100 метров от объектов не должны находиться детские, образовательные учреждения, спортивные сооружения или учреждения здравоохранения. Площадь от 80 до 400 кв.м. Торговый зал не менее 70 кв.м. Высота потолков не ниже 2,5 м."
БРИСТОЛЬ,Алкомаркеты,/bristol.php,100.0,150.0,на 1-ом этаж,,15.0,True,True,False,,support@retailstreets.ru,"Спальные и густонаселенные районы; Стационарное помещение, имеющее кадастровый адрес; Нахождение на 1-ом этаже жилого дома, торгового центра, или отдельно стоящее здание; Минимальный срок аренды – от 1 (Одного) года; Не рассматриваются помещения на территориях и в помещениях железнодорожных вокзалов, автовокзалов, аэропортов, речных портов, на оптовых и розничных рынках, в организациях культуры, в медицинских организациях, на объектах спорта, на прилегающих к ним территориях. Определение прилегающей территории регламентируется местными законодательными актами; Помещение должно находиться на расстоянии не менее чем 100 (Сто) метров по прямой линии от ближайшей точки, граничащей с территорией, предназначенной для оказания образовательных услуг; Ориентировочная площадь: от 100 до 150 кв.м; Желателен однообъемный торговый зал; в случае планировки на несколько комнат, основной торговый зал должен быть не менее 40 кв. м.; Высота потолка – не менее 2,5 метров; Помещение должно хорошо просматриваться с проезжей части и пешеходной зоны; Наличие подъездных путей к входу магазина для автомобиля типа «Газель»; Хороший пешеходный и автомобильный трафик; Разрешенная электрическая нагрузка – не менее 15 кВт; Возможность установки кондиционера; Возможность организации наружной рекламы непосредственно на фасаде магазина; Автопарковка возле магазина является дополнительным преимуществом; Желательно нахождение вблизи популярного гипер- или супермаркета или других трафикообразущих объектов; К рассмотрению принимаются только помещения, изначально имеющие назначение как нежилое."
ВИНЛАБ,Алкомаркеты,/winelab.php,50.0,,первый этаж,,,False,True,False,,arenda@winelab.ru,"Площадь: от 80 до 300 квадратных метров Ключевые регионы: Москва и Московская область, Санкт-Петербург и Ленинградская область, Архангельская область, Нижний Новгород, Новосибирская область, Кемеровская область, Амурская область, Хабаровский край, Приморский край, Сахалинская область. Только первый этаж Возможность получения алкогольной лицензии"
АРОМАТНЫЙ МИР,Алкомаркеты,/aroma.php,60.0,140.0,первый этаж,,15.0,True,True,False,,dzhabarov@aroma.ru,"Площадь помещения — от 60 до 140 кв. м. Первая линия; Правильная (открытая) планировка зала (желательно) площадью не менее 40 кв. м. (допустимо два зала); Витринные окна (желательно); Разрешенная электрическая нагрузка не менее 15 КВт, трехфазный ввод; Высота потолка не менее 2,5 м; Наличие жилого сектора; Хороший обзор помещения со стороны проезжей части или с пешеходной зоны; Отсутствие детских образовательных учреждений, спортивных сооружений или учреждений здравоохранения в радиусе 50-ти метров от объекта; Автомобильная парковка перед помещением (желательно); Хороший пешеходный трафик; Длительный договор аренды (сроком от 5 лет); Обязательная регистрация договора в ФРС."
МИЛЬСТРИМ,Алкомаркеты,/millstream.php,60.0,110.0,первый этаж,,,False,True,False,,arenda@millstream-wines.ru,"Первая линия домов, первый этаж. Площадь 60-110 кв.м. Хорошая видимость, возможность размещения рекламы"
ГРАДУСЫ,Алкомаркеты,/graducy.php,100.0,,,,,False,True,False,,v.baranov@gradusi.net,Площадь помещения от 100 м2. Возможность получения алкогольной лицензии
WINESTYLE,Алкомаркеты,/winestyle.php,70.0,,,,,False,True,False,,arenda@winestyle.ru,"Регионы присутствия: Москва, Московская область Торговая площадь от 70 кв.м Высота потолков не менее 2,5 м Долгосрочная аренда 5 лет Удаленность от детских и образовательных учреждений на 100 м и более Удаленность от спортивных объектов и от медицинских учреждений на 25 м и более"
SIMPLE WINE,Алкомаркеты,/simplewine.php,70.0,110.0,первый этаж,,,True,True,False,,support@retailstreets.ru,"Москва, Московская область, Санкт Петербург, Сочи, Ростов-на-Дону, Краснодар, Екатеринбург, Новосибирск Площадь от 70 до 110 м2, исключительно первый этаж Возможность размещения рекламных баннеров на витринном пространстве, фасадах, панель-кронштейнах"
WINE STYLE,Алкомаркеты,/winestyle.php,70.0,,,,,False,True,False,,arenda@winestyle.ru,"Регионы присутствия: Москва, Московская область Торговая площадь от 70 кв.м Высота потолков не менее 2,5 м Долгосрочная аренда 5 лет Удаленность от детских и образовательных учреждений на 100 м и более Удаленность от спортивных объектов и от медицинских учреждений на 25 м и более"
БУТЫЛЬ,Алкомаркеты,/butyl.php,70.0,200.0,,,,False,True,False,,support@retailstreets.ru,Регион присутствия: Калининградская область площадь от 70 до 200 м2
РИГЛА,Аптеки,/rigla.php,20.0,100.0,на 1 этаж; 1 этаж,,,True,False,False,,arenda_moscow@rigla.ru.,формат 20-100 кв.м. размещение на 1 этаже возможность размещения вывески либо наружной рекламы наличие санузла При предложении аренды в торговом центре желательно соседство помещения с продовольственным оператором.
ЮНИФАРМА,Аптеки,/unifarma.php,50.0,150.0,первый этаж; цоколь,,15.0,False,False,False,,arnd@unifarma.ru,"street — только первый этаж. ТРЦ — первые этаж или цоколь в прикассе продуктового якоря. Площадь — от 50 до 150 кв.м. Срок аренды — 5-10 лет с обязательной гос. регистрацией договора. Наличие водоснабжения и/или возможности пользования санузлом. Наличие электрической мощности — не менее 15 кВт. Возможность размещения полноразмерной рекламной конструкции и панель-кронштейна «аптечный крест». Наличие пешеходного трафика. Наличие центров притяжения — продуктовые супермаркеты, Торговые центры, остановки общественного транспорта, медицинские учреждения, транспортно-пересадочные узлы."
ПАРАЦЕЛЬС,Аптеки,/paracels.php,80.0,150.0,первый этаж,,,True,False,False,,support@retailstreets.ru,"Помещения рассматриваются в следующих городах Московской области: Раменское, Жуковский, Люберцы, Железнодорожный, Воскресенск, Бронницы, Электросталь. Первый этаж в оживленном месте, желательно торговом центре Площадь от 80 до 150 кв.м. Возможность размещения наружной рекламы Наличие коммуникаций"
36И6,Аптеки,/366.php,40.0,150.0,,,,False,False,False,,arenda@366.ru,Площадь от 40 до 150 кв.м. Расположение в торговых центрах и отдельные помещения. Обязательно наличие мокрой точки.
ДОКТОР СТОЛЕТОВ,Аптеки,/doctorstoletov.php,,,,,,False,False,False,,kozlov@erkapharm.com,
ОЗЕРКИ,Аптеки,/ozerki.php,,,,,,False,False,False,,kozlov@erkapharm.com,
ГОРЗДРАВ,Аптеки,/gorzdrav.php,40.0,80.0,,,15.0,True,True,False,,razvitie@366.ru,"площадь от 40 до 80 кв.м. первые этажи жилых комплексов и торговых центров, прикассовые зоны супермаркетов наличие витрин, отдельного входа, места для размещения рекламной вывески наличие мокрых точек, отопления и электричества 15 кВт"
СТОЛЕТНИК,Аптеки,/stoletnik.php,35.0,100.0,,,,False,False,False,,lopacheff@yandex.ru,Московская область не далее 50 км. Площадь от 35 до 100 кв.м. Наличие у арендодателя документов на собственность. Отсутствие в радиусе 1 км от предлагаемое локации аптек Столетник. Договор аренды от 5 лет. Интересны также помещения внутри или вблизи лечебных учреждений.
МЕЛОДИЯ ЗДОРОВЬЯ,Аптеки,/melzdorov.php,30.0,70.0,первый этаж,,,False,False,False,,arenda@melzdrav.ru,Торговые центры: первый этаж при входе либо прикассовая зона супермаркета. Площадь от 30 до 70 кв.м для торговых центров и от 30 до 100 кв.м. для стрит-ритейла. Договор аренды от 3 лет
МАСАВИТ,Аптеки,/maksavit.php,40.0,100.0,1 этаж; 1 этаж,,,False,False,False,,arenda@maksavit.ru,Площадь от 40 до 100 кв.м. 1 этаж. Возможность размещения рекламы
АПРЕЛЬ,Аптеки,/aprel.php,50.0,100.0,1 этаж; 1 этаж,,,False,True,True,,poisk_info@apteka-aprel.ru,"1 этаж, на первой линии застройки, с отдельным входом, либо возможность создания отдельного входа; в основных пешеходных зонах, вблизи остановок общественного транспорта, в спальных районах рядом с продуктовыми супермаркетами; общая площадь – от 50 до 100 кв.м., площадь торгового зала — не менее 40 кв.м. наличие воды, канализации, отопления, с/у- обязательно;"
СТОЛИЧКИ,Аптеки,/stolichki.php,80.0,200.0,первый этаж,,,False,False,False,,estate@neo-pharm.ru,"Регионы: Москва, Санкт-Петербург, Московская, Ленинградская, Владимирская, Рязанская, Ивановская, Костромская, Тульская, Ярославская, Псковская, Новгородская, Калужская области. Площадь от 80 до 200 м2 Первый этаж. Стрит-ритейл и торговые центры, прикассовые зоны супермаркетов"
ДИАЛОГ,Аптеки,/dialog.php,,,,,,False,False,False,,support@retailstreets.ru,
НЕОФАРМ,Аптеки,/neofarm.php,60.0,250.0,первый этаж,,,False,True,False,,estate@neo-pharm.ru,"Регион расположения: Москва, Московская область, Санкт-Петербург, Ленинградская область. Площадь: от 60 – 250 кв.м. Наличие в помещении отдельного входа. Наличие водоснабжения и возможности устройства санузла. Первый этаж, не более 4 ступеней или любой этаж при размещении в прикассовой зоне якорного продуктового супермаркета (гипермаркета). Срок аренды не менее 5 лет."
РОСАПТЕКА,Аптеки,/rosapteka.php,,,,,,False,False,False,,,
АПТЕЧЕСТВО,Аптеки,/aptechestvo.php,40.0,80.0,первый этаж,,7.0,False,True,False,,arenda@aptechestvo.ru,первый этаж; отдельный вход или изолированное помещение от соседних арендаторов; площадь помещения 40-80 м2; возможность размещения рекламных конструкций; наличие санитарного узла с водопроводом и канализацией; электроснабжение по отдельной линии мощностью не менее 7 кВт; возможность размещения отдельного блока кондиционера; наличие приточно-вытяжной вентиляции; наличие пандуса или возможности его монтажа; приветствуется наличие в окружении продуктового оператора.
ГАРМОНИЯ ЗДОРОВЬЯ,Аптеки,/garzdrav.php,,,,,,False,False,False,,Serdiuk.AV@garzdrav.ru,"Регионы присутствия: Алтайский край, Иркутская область, Кемеровская область, Красноярский край, Краснодарский край, Московская область, Новосибирская область, Крым, Хакасия"
ЖИВИКА,Аптеки,/zhivika.php,70.0,150.0,,,,True,False,False,,support@retailstreets.ru,"Рассматриваем предложения в Свердловской, Челябинской, Кемеровской, Курганской, Новосибирской, Омской, Тюменской областях, Пермском и Алтайском краях, а также в республиках Татарстан и по аренде и покупке права аренды покупка торговых площадей для размещения аптек Площадь от 70 до 150 м2 размещение на первом этаже с возможностью размещения вывески и наружной рекламы."
ПЛАНЕТА ЗДОРОВЬЯ,Аптеки,/planetzdorovo.php,40.0,350.0,на 1 этаж; 1 этаж,,,True,False,False,,support@retailstreets.ru,Площадь 40-350 кв.м. Размещение на 1 этаже Возможность ращения вывески либо наружной рекламы Рассматривается аренда и покупка
СБЕРБАНК,Банки,/sberbank.php,,,,,,False,True,False,,sberbank@sberbank.ru,"Объект введен в эксплуатацию. Для строящихся объектов необходимо наличие разрешительных документов. Помещение расположено: - на первом этаже здания на первой линии домов со стороны проезжей части, имеется отдельный вход и фасадные окна; - на территории ТЦ/ТРЦ в месте с высоким клиентопотоком. Наличие удобных подъездных путей для автотранспорта и парковочных мест возле здания. Высота потолка (от чистового пола до чистового потолка) – не менее 2,5 м. Отсутствуют обременения третьих лиц, помещение не находится в споре / под арестом. Минимальный срок аренды – 5 лет."
АЛЬФАБАНК,Банки,/alfabank.php,,,,,,False,False,False,,,
HOME CREDIT BANK,Банки,/homecredit.php,,,,,,False,False,False,,,
МОСКОВСКИЙ КРЕДИТНЫЙ БАНК,Банки,/mkb.php,100.0,150.0,первый этаж,,0.2,True,True,False,,orn@mkb.ru,"город Москва площадь от 100 до 150 м2 первая линия домов, первый этаж отдельный вход с улицы наличие окон, желательно витринного типа свободная планировка либо возможность переоборудования под банковский формат возможность размещения средств наружной рекламы на фасаде здания возможность размещения банкомата с круглосуточным режимом (широкая входная группа / тамбур) электрическая мощность 0,2 кВт на 1 м2 долгосрочный договор"
VPROK.RU,Дарксторы,/vprok.php,7000.0,20000.0,на 1 этаж; 1 этаж,5.0,1300.0,False,False,False,,oleg.spiridonov@x5.ru,"Площадь от 7000 до 20000 м2. Мощность электричества 1300 Квт. Высота потолков от 5 м. Водоснабжение, канализация. Размещение на 1 этаже здания в одном уровне. Парковка на 150 машин, включая 30 у дебаркадера. Площадка для маневрирования фур у дебаркадера. Возможность размещения конденсатора весом 6 т."
ЯНДЕКС ЛАВКА,Дарксторы,/yandexlavka.php,200.0,,подвал; цоколь,2.5,35.0,False,True,False,,support@retailstreets.ru,"площадь от 200 м2 возможность размещения от 4х блоков кондиционеров и холодильного оборудования беспрепятственный круглосуточный доступ подъездные пути для грузового транспорта (до 5 тонн) зона разгрузки (не со стороны жилых подъездов); место размещения велопарковки на 12 велосипедов у входа (до 50 метров) — зальная планировка изолированное помещение не менее 2 входов для цоколя/подвала соответствие помещения требованиям по пожарной безопасности подвал, цоколь, первый, второй (при наличии грузового лифта/ подъёмника с установкой и обслуживанием силами и за счёт арендодателя) расположение помещения в одном уровне без перепадов наличие 2 отдельных входа для подвалов/цокольных этажей; для всех остальных - 1 вход высота потолка от 2,5 м мощность от 35 кВт тип помещения нежилое назначение: свободное, склад, общепит, торговое пропускная система для курьеров свободная вентиляция и кондиционирование наличие или возможность установки водоснабжение, отопление, канализация."
САМОКАТ,Дарксторы,/samokat.php,200.0,,первый этаж,,,False,False,False,,arenda@samokat.ru,Площадь от 200 м2 Только первый этаж
ВКУСВИЛЛ,Дарксторы,/vkusvilldarkstore.php,600.0,1000.0,первый этаж; подвал,,150.0,False,False,False,,support@retailstreets.ru,"Помещения под дарксторы торговой сети ВкусВилл: Размещение: отдельностоящие помещения, склады Площадь помещения от 600 до 1000 м2 в один уровень Электроэнергия: не менее 150 кВт Первый этаж. Также можно рассмотреть подвал или второй этаж при наличии не менее двух грузовых лифтов Должна быть парковка именно под наш автотранспорт легковых автомобилей, не менее 25 мест Отопление, ХВС, канализация"
OZON fresh,Дарксторы,/ozonfresh.php,400.0,700.0,подвал,,60.0,False,False,False,,support@retailstreets.ru,"Москва и Московская область площадь помещения 400-700 м2 помещение должно быть отапливаемое; размещение на первом этаже, для размещения в цоколе, подвале, на втором этаже требуется подъемник не менее тонны — один и более входов в помещение (для цоколя и подвала обязательно более двух) — возможность размещения от 4-х блоков кондиционеров и холодильного оборудования на фасаде, кровле или у отмостки здания расположение помещения в одном уровне без перепадов; — закрытый арендуемый контур помещения, не кабинетная планировка, без перепадов высот — минимальная ширина входного проема 1,2 м высота потолков минимум 2,4 м; минимальная мощность 60 кВт; беспрепятственный круглосуточный доступ; подъездные пути для грузового транспорта (до 10 тонн); место размещения велосипедной парковки на 5-10 велосипедов у входа — наличие точек подключения к ХВС/ГВС, вывод канализации внутри помещения"
4 ЛАПЫ,Зоомагазины,/4lapy.php,,,,,,False,False,False,,arenda@4lapy.ru,
БЕТХОВЕН,Зоомагазины,/bethoven.php,,,1 этаж; 1 этаж,,40.0,True,False,False,,yakel.yf@petretail.ru,"Центральная улица и первая линия домов, просматриваемость с проезжей части Наличие активного пешеходного и автомобильного трафика Парковка для клиентов Свободный подъезд грузового транспорта (желательно с зоной разгрузки) Наличие других арендаторов в непосредственной близости Требования к помещению Street Retail: 1 этаж дома, встроено-пристроенное, отдельно стоящее здание наличие витринных окон на фасаде здания возможность размещения вывески полного формата на фасаде и перед входом в арендуемое помещение площадь вспомогательных помещений не должна превышать 20% от общей арендуемой площади торговый зал должен быть правильной формы обеспечение электрической мощности 25-40 кВт обязательно наличие канализации, водоснабжения и отопления."
ЛЕМУРРР,Зоомагазины,/lemurrr.php,15.0,100.0,,,,False,False,False,,Aleksey.Chekunov@lemurrr.com,Площадь 15-100 кв.м.
ЗАПОВЕДНИК,Зоомагазины,/zapovednik.php,100.0,,,,,False,False,False,,arenda@zapovednik96.ru,"Екатеринбург, Омск, Пермь, Тюмень, Асбест, Березовский, Верхняя Пышма, Каменск-Уральский, Нижний Тагил, Первоуральск, Полевской, Ревда, Санкт-Петербург, Серов, Среднеуральск Площадь от 100 кв.м"
ДИНОЗАВРИК,Зоомагазины,/dinozavrik.php,100.0,300.0,цоколь,2.5,,False,False,False,,arenda@dinozavrik.ru,"Первый или цокольный этаж. Площадь от 100 до 300 кв.м. (для торговых центров). Площадь от 250 до 800 кв.м. (для стрит ритейла). Торговый зал не менее 70 кв.м. Высота потолков не ниже 2,5 м."
ЗООЗАВР,Зоомагазины,/zoozavr.php,90.0,,,,15.0,False,False,True,,IMolodtsov@detmir.ru,"Областные города и населенные пункты с количеством жителей более 60 000 человек; Первая линия, наличие в окружении жилья и продуктовой федеральной сети. Пешеходный и автомобильный трафик, парковка для покупателей. Наличие условий для разгрузки; Общая площадь помещений от 90 м² до 120 м²; Помещение должно располагаться на первом этаже и иметь отдельный центральный вход или общий вход/прикассовая зона с продуктовой федеральной сетью; Подсобные помещения должны находиться на одном уровне с торговым залом и иметь свой С/У; Высота потолков не менее 3 метров. Наличие коммуникаций: водоснабжение, теплоснабжение, электроснабжение (минимум 15 кВт на 100 м² общей площади), канализация, каналы связи."
МИР ХВОСТАТЫХ,Зоомагазины,/mirhvost.php,20.0,400.0,первый этаж,,,False,False,False,,arenda@mirhvost.ru,"Рассматриваются Москва и Екатеринбург. Площадь помещения от 20 до 400 м2. Желательно однообъемный торговый зал. Высота потолка не менее 2,5 метров. Первый этаж. Наличие жилого сектора. Помещение должно хорошо просматриваться либо со стороны проезжей части, либо с пешеходной зоны. Автопарковка перед помещением желательна."
COFIX,Кофе с собой,/cofix.php,15.0,,,,60.0,False,False,False,,support@retailstreets.ru,Площадь от 15 м² для островной локации (а также для мини формата в стрит) до 150 м² для полноценного кафе. Электрическая мощность: 15-60 кВт. Инженерные системы: водоснабжение и канализация.
ПРАВДА КОФЕ,Кофе с собой,/pravdacoffee.php,,,,,,False,False,False,,m.fetisov@pravdacoffee.ru,
ONEANDDOUBLE,Кофе с собой,/oneanddouble.php,15.0,50.0,,,18.0,True,False,False,,support@retailstreets.ru,"Площадь от 15 до 50 м2. Электричество 18 Квт, ХВС, слив. Вход отдельный с вывеской"
ONEPRICECOFFEE,Кофе с собой,/onepricecoffee.php,7.0,12.0,,,,False,False,False,,support@retailstreets.ru,"Остров 7-12 м2 отдельное помещение 15-45 м2. Рассматриваем помещения в торговых центрах, а также формат стрит-ритейл. Главное - высокая проходимость."
МОСИГРА,Детские товары,/mosigra.php,20.0,30.0,первый этаж,,,False,False,False,,retail@mosigra.ru,Стрит-ритейл и торговые центры. Площадь 20-30 кв.м. Первый этаж (для ТЦ возможно размещение на этаже где расположен кинотеатр или развлекательный центр)
ЛЕОНАРДО,Детские товары,/leonardo.php,500.0,1000.0,,,,False,False,False,,arenda@leonardohobby.ru,площадь от 500 до 1000 кв.м. для крупных ТРЦ Москвы и межрегиональных ТРЦ площадь до 1400 кв.м. города с населением не менее 300 тысяч человек
ДЕТСКИЙ МИР,Детские товары,/detmir.php,700.0,,3 этаж,,5.0,False,False,False,,IMolodtsov@detmir.ru,"Детский мир · Населенные пункты с количеством жителей более 80 000 человек; · Общая площадь помещений от 700 м² до 1 200 м²; · Помещение должно располагаться в Торговых центрах (-1,1,2,3 этажи при обеспечении грузовым подъемником и пассажирскими лифтами/эскалаторами); · Подсобные помещения должны находиться на одном уровне с торговым залом. · Высота потолков не менее 3,5 метров; · Наличие коммуникаций: водоснабжение, теплоснабжение, электроснабжение (5 кВт на 100 м² общей площади), канализация, каналы связи. Детмир мини · Районные центры, Населенные пункты с количеством жителей более 25 000 человек; · Общая площадь помещений от 380 м² до 420 м²; · Помещение должно располагаться в торговых зонах города (-1,1,2,3 этажи при обеспечении грузовыми подъемником и пассажирскими лифтами/эскалаторами); · Подсобные помещения должны находиться на одном уровне с торговым залом. · Высота потолков не менее 3,5 метров; · Наличие коммуникаций: водоснабжение, теплоснабжение, электроснабжение (7 кВт на 100 м² общей площади), канализация, каналы связи."
ГЕМОТЕСТ,Медицина,/gemotest.php,,,первый этаж,,10.0,False,True,False,,arendastolica@gemotest.ru,"Нежилое помещение; Первая линия домов, главная улица, жилой массив; Отдельный вход; Первый этаж; Наличие минимум одного окна; Наличие минимум 10 кВт; ХВС, ГВС, канализации; Высота потолка не менее 2,6 м; Помещение в собственности без обременений; Наличие технического паспорта/плана."
ЦВЕТ ДИВАНОВ,Мебель,/zvet.php,100.0,250.0,,,,False,False,False,,dimitriy@zvet.ru,Площадь 100-250 м2; Наличие телефонной линии и интернета; Возможность размещения рекламы на фасаде
КУХОННЫЙ ДВОР,Мебель,/kuhonydvor.php,200.0,400.0,1 этаж; 1 этаж,,15.0,True,True,False,,support@retailstreets.ru,"Торговые площади без вспомогательных зон. Площадь: 200-400 кв.м Расположение: 1 линия домов, 1 этаж, отдельный вход, витринные окна. если это ТЦ – центральные места, рядом с эскалатором, рядом со входом. хороший подъезд. Высота потолков: от 3 м. Длительный срок аренды (от 3-5 лет). Выделенная мощность – от 15 кВт (переменное напряжение U=220/380 В). Водопровод (холодная вода обязательно, горячая – желательно). Канализация. Наличие вентиляции или возможности подключения вытяжки . Наличие места под наружную рекламу. Наличие телефонии."
ANDERSSEN,Мебель,/anderssenmebel.php,,,,,,False,False,False,,yanikin@anderssen.ru,"Предлагаем вам сотрудничество с лидером рынка мягкой мебели и Маркой №1 в России - фабрикой Anderssen. Нас интересуют торговые площади в Москве и Московской области для открытия фирменных салонов с мягкой мебелью Anderssen. Работая с нами, Вы получаете ответственного арендатора, надежного партнера, своевременно исполняющего все свои обязательства."
ДЕФО,Мебель,/defo.php,200.0,500.0,,3.0,15.0,True,False,False,,support@retailstreets.ru,Площадь от 200 до 500 кв.м. Высота потолков от 3 м. Электричество мощностью от 15 Квт. Витринные окна. Два входа с улицы и разгрузочный со двора. Договор от 3 лет.
HOFF,Мебель,/hoff.php,,,,,,False,False,False,,arenda@hoff.ru,
ТЕРВОЛИНА,Обувь,/tervolina.php,,,,,,False,False,False,,m_golubtsov@tervolina.ru,
ZENDEN,Обувь,/zenden.php,250.0,1000.0,,,,False,False,False,,arenda@zenden.ru,Площадь от 250 до 1000 кв.м.
FRANCESCO DONNI,Обувь,/francesco.php,120.0,250.0,,,,False,False,False,,golyb_sergey@mail.ru,"Ищем помещения в Москве, МО и Санкт-Петербурге Площадь от 120 до 250 кв.м"
БАШМАГ,Обувь,/bashmag.php,170.0,300.0,,,,False,False,False,,bashmag@bk.ru,Москва и Московская область. Площадь 170-300 кв.м. Торговые центры и стрит-ритейл.
KARI,Обувь,/kari.php,300.0,,,,,False,False,False,,rent@kari.com,"Площадь от 300 кв.м. Предложения направляйте на почту, в письме укажите точный адрес и контакты."
МИЛАНА,Обувь,/milana.php,90.0,130.0,первый этаж; торговый центр,,5.0,True,True,False,,arenda@milana-shoes.ru,"Отдельно стоящее здание:
расположение на центральных исторически сложившихся торговых улицах
первый этаж (без цоколя)
отдельный вход
наличие витрин или витрин-окон, минимальная высота 2 метра, без тонирования.
хорошая видимость фасада и вывески
высота потолков не менее 3 м
Торговый центр:
площадь ТЦ не менее 10 тыс. м2
расположение не выше 2-ого этажа торговой галереи
наличие торговой галереи обувных и одежных арендаторов
наличие по соседству магазинов с группами товаров - обувь Общие требования к помещению:

общая площадь 90-130 м2
высота потолков не менее 3 м
ширина входной группы не менее 1,5 м
возможность размещения вывески
проведение телефона и широкополосного интернета
электропитание не менее 5 кВт. Контакты отдела развития MILANA электронная почта для предложений аренды: arenda@milana-shoes.ru 

телефон +7 (495) 215-24-41 Разместить объявление о сдаче в аренду КАТАЛОГ АРЕНДАТОРОВ Алкомаркеты Аптеки Банк Дарксторы Детские товары Зоомагазин Кофе с собой Медицина Мебель Обувь Общепит Одежда Оптика Парфюмерия и косметика Продукты Пункт выдачи Развлечения/Кинотеатры Салон связи Салон красоты/барбершоп Спорт Стройматериалы Супермаркет/Гипермаркет Товары для дома Фото/печатные салоны Электроника, бытовая техника Ювелирный"
ТОФА,Обувь,/tofa.php,230.0,350.0,цоколь; торговый центр,,,False,False,False,,rent@tofa.ru,"Высокий пешеходный трафик, расположение вблизи рынков, вокзалов, станций метро. Стрит-формат или торговый центр (цоколь, первый, второй этаж). Площадь - от 230 до 350 м2. Торговый зал от 120 м2. Торговое окружение, наличие других сетевых операторов поблизости."
SELA,Одежда,/sela.php,300.0,,,,,False,False,False,,expansion@melonfashion.com,"Площадь помещения от 300 кв. м. до 400 кв. м.( если торговое помещение меньше заявленного минимума, то обязательно наличие отдельного подсобного помещения) Выделенная электрическая мощность не менее 80 Вт. на один квадратный метр общей площади Арендные каникулы Возможность размещения рекламных вывесок на фасаде здания, внутри ТЦ и размещение в навигации Расположение не выше 2-го этажа Непосредственная близость метро или транспортной развязки Оплата аренды по безналичному расчету Рублевый договор аренды Право Арендатора на досрочное расторжение договора аренды"
ТВОЕ,Одежда,/tvoe.php,10000.0,,,,,True,False,False,,arenda@tvoe.ru,Торговые центры с аренднопригодной площадью (GLA) от 10000 м2. Площадь от 300 м2 Первый или второй этаж. Витрина от 10 м
OSTIN,Одежда,/ostin.php,250.0,1200.0,,,,False,False,False,,arenda@o-stin.ru,"Торговые и торгово-развлекательные центры магазины в формате STREET-RETAIL, находящиеся в основных торговых коридорах города. Площадь помещений – от 250 до 1200 кв.м."
FUNDAY,Одежда,/funday.php,,,,,,False,False,False,,support@retailstreets.ru,"В наших планах открытие магазинов FUNDAY в каждом крупном городе России! Мы хотим, чтобы каждый город присоединился к FUN – движению и каждая семья стала немножко счастливее!"
FAMILIA,Одежда,/familia.php,1500.0,,,,,False,False,False,,rent@famil.ru,Общая площадь - от 1500 м² до 2500 м² Москва и города-миллионики.
MODIS,Одежда,/modis.php,900.0,1200.0,,,,False,False,False,,arenda@modis.ru,Расположение: ТЦ или street retail Высокий трафик Общая площадь: 900-1200 кв.м
ZOLLA,Одежда,/zolla.php,400.0,900.0,,,,False,False,False,,support@retailstreets.ru,основные фэшн галереи в торговых центрах; формат площади от 400- 900м2.
GLORIA JEANS,Одежда,/gloriajeans.php,800.0,,,,,False,False,False,,arenda@gloria-jeans.ru,Помещения площадью от 800 кв.м.
INCITY,Одежда,/incity.php,250.0,500.0,1й этаж; торговый центр,,0.1,False,False,False,,incity@incity.ru,"Street (объект на главной торговой улице) — 1й этаж Торговый центр — 1й или 2й этаж 
Общая площадь от 250 до 500 м2
Выделенная электрическая мощность – 0,1 кВт/м2"
JEANS SYMPHONY,Одежда,/jeanssymphony.php,150.0,200.0,,,,False,False,False,,o.kotovschuk@jscom.ru,Площадь помещения — от 80 м2 до 500 м2 в зависимости от бренда и формата. Средний формат магазинов — 150-200 м2 Средняя выделенная электрическая мощность не менее 100 Вт. на один квадратный метр общей площади; Арендные каникулы; Возможность размещения рекламных вывесок на фасаде здания торгового центра; Непосредственная близость метро и/или пересечение главных магистралей; Долгосрочный договор аренды.
СУДАРЬ,Одежда,/sudar.php,150.0,1000.0,,,,False,False,False,,karpova@sudar.su,"Торговые центры Торговые центры, Торгово-развлекательные центры Торговая площадь: от 150 до 1000 м² Проходимость: высокая Этаж: -1, 1 и 2 торгового центра Хорошая транспортная доступность Стрит ритейл Отдельно стоящие, встроенно-пристроенные, пристройки к жилому дому Москва и Московская область Торговая площадь: от 150 до 1000 м²"
ILCOTT,Одежда,/ilcott.php,50.0,120.0,,,,False,False,False,,support@retailstreets.ru,Крупные торговые центры. Площадь 50-120 кв.м. Высокая проходимость. Расположение не выше второго этажа.
КАЛЯЕВ,Одежда,/kalyaev.php,500.0,1500.0,1-2 этаж; 2 этаж,,,False,False,False,,area@elegantka.moda,"Торговая площадь: 500-1500 кв.м; Торговые центры в Москве, МО, Санкт – Петербурге; Интересуют 1-2 этажи ТЦ; Наличие крупных транспортных развязок, метро; Наличие парковки; Длительный срок аренды."
EVA GRAFFOVA,Одежда,/evagraffova.php,120.0,250.0,первый этаж,,,False,False,False,,maxim@evagraffova.ru,"Торговая сеть EvaGraffova - это магазины одежды больших размеров в Санкт-Петербурге, Казани, Сочи, Нижнем Новгороде и других городах России. Торговые центры и стрит-ритейл. от 140 до 180 (для ТЦ) и от 120 до 250 кв.м. для стрит-ритейла. Города с населением от 300 тыс человек. Первый этаж (стрит-ритейл), в торговых центрах - не выше второго. Площадь от 140 до 180 (для ТЦ) и от 120 до 250 кв.м. для стрит-ритейла. Города с населением от 300 тыс человек. Первый этаж (стрит-ритейл), в торговых центрах - не выше второго. Площадь от 140 до 180 (для ТЦ) и от 120 до 250 кв.м. для стрит-ритейла. Города с населением от 300 тыс человек. Первый этаж (стрит-ритейл), в торговых центрах - не выше второго."
O'HARA,Одежда,/ohara.php,100.0,200.0,1 этаж; 1-2 этаж; 2 этаж,,,True,False,False,,arenda@ohara.su,"Города с населением от 100 тыс. человек Торговые центры 1-2 этаж площадь от 100 до 200 м2 Большая витрина Street-retail 1 этаж площадь от 150 до 350 м2 высота потолков от 2,8 наличие рекламных полей"
FASHION HOUSE,Одежда,/fashionhouse.php,150.0,250.0,,,,False,False,False,,support@retailstreets.ru,Москва и ближнее Подмосковье Торговые центры Площадь от 150 до 250 м2
ДОДО ПИЦЦА,Общепит,/dodopizza.php,130.0,,,2.7,75.0,False,False,False,,realestate@dodopizza.com,"Площадь от 130 м2 В Москве, Санк-Петербурге, Московской и Ленинградской областях от 90 м2 Электроэнергия от 75 Квт Высота потолков от 2.7 м Первый или второй этаж"
ВКУСНО — И ТОЧКА,Общепит,/vkusno.php,1500.0,2500.0,,,,False,True,False,,support@retailstreets.ru,"Требования к участку: интенсивный автомобильный трафик; площадь от 1500 до 2500 м2; вид разрешенного использования — размещение предприятия общественного питания; удобный заезд и выезд с магистрали; отличная видимость — первая линия; пятно застройки здания ~400–500 м2. Требования к объекту: расположение в оживленном месте; размещение на первом этаже с отдельным входом (в случае встроенного помещения); площадь ~ 400 м2; удобный заезд и выезд с магистрали, наличие парковки; возможность установки летней площадки."
СУШИСЕТ,Общепит,/sushiset.php,30.0,80.0,цоколь,,10.0,True,True,False,,i.zhigalin@setsushi.ru,"Площадь помещения должна быть от 30 до 80 кв.м (помещения меньшей или большей площади рассматриваются индивидуально); Отдельный вход с улицы или с торца здания, при условии, что вход с центральной улицы; Желательно наличие парковочных мест; Не выше первого этажа или полуцоколь с окнами; На фасаде здания обязательно наличие свободного место для размещения рекламной вывески, и места для размещения лайтбоксов. Наличие водоснабжения; Установочная мощность электроснабжения не менее 10 кВт; Наличие санузла или возможность его подключения; Возможность перепланировки и реконструкции инженерных сетей; Наличие или возможность размещения и согласования приточно-вытяжной вентиляции."
ТАНУКИ,Общепит,/tanuki.php,380.0,,первый этаж; подвал,,,True,False,False,,arenda@tanuki.ru,"высокий уровень пешеходных и автомобильных потоков (не менее 4 полос движения); первая линия домов; первый этаж (возможно частичное размещение в подвале, но не более 50% от общей площади); витринные окна; площадь от 380 кв.м. до 500 кв.м. для организации одного ресторана, либо от 750 кв.м. до 900 кв.м. для организации двух ресторанов в одном помещении; наличие коммуникаций (водоснабжение, теплоснабжение, электроснабжение, канализация, каналы связи); возможность размещения рекламной вывески на фасаде; срок аренды не менее 5 лет."
KFC ROSTICS,Общепит,/kfc.php,,,,,,False,False,False,,,
BURGER KING,Общепит,/burgerking.php,120.0,320.0,,,,False,False,False,,development@burgerkingrus.ru,Покупка земли под строительство отдельно стоящего здания площадью от 1800 м2 до 5000 м2 Аренда/покупка помещения/строения площадью от 250 м2 до 500 м2 Аренда помещений в торговом центре от 120 до 320 м2
ТЕРЕМОК,Общепит,/teremok.php,20.0,250.0,,,,False,False,False,,arenda@teremok.ru,Расположение Москва и Московская область Площадь 20-250 кв.м.
ЧАЙХОНА №1,Общепит,/chaihona1.php,,,,,,False,False,False,,razvitie@chaihona1.ru,
PRIME,Общепит,/prime.php,20.0,,,,15.0,False,False,False,,arenda@prime-star.ru,"Кафе в бизнес-центрах Площадь (общая от 20 м² до 150 м²) Электроэнергия: не менее 15 кВт Проходное удобное для кафе место Завоз товара не пересекается с гостевым входом Канализация Наличие ХВС (холодного водоснабжения) Высота потолка не менее 3 метров Кафе на улицах Площадь (общая от 40 м² до 250 м²) Электроэнергия: не менее 35 кВт Проходное удобное для кафе место Завоз товара не пересекается с гостевым входом Канализация Наличие ХВС (холодного водоснабжения) Высота потолка не менее 3 метров Вентиляция, отопление PRIME Lite — новый формат для вашего офиса Корнер со свежими и полезными снэками, завтраками и широким ассортиментом ланчей для тех, кто ценит свое время, но не готов идти на компромисс с качеством Prime Lite Корнер"
ШОКОЛАДНИЦА,Общепит,/shoko.php,180.0,250.0,,,80.0,False,False,False,,m.trubnikov@shoko.ru,Площадь 180-250 м2 Мощность электричества 30-80 Квт
НИЯМА,Общепит,/niyama.php,200.0,400.0,,3.0,,False,False,False,,zayavka@niyama.ru,торговые центры или ОСЗ площадь 200-400 кв.м. электричество от 80 потолки не ниже 3 м 2 входа
МУ-МУ,Общепит,/mumu.php,500.0,600.0,,,160.0,False,True,False,,fastland@cafemumu.ru,"Площадь помещения: 500 – 600 кв.м. Высота потолка: от 2,7 м. Величина разрешенной электрической мощности на объекте должна быть не менее 160 кВт. Необходимо наличие холодной и горячей воды, канализации, в том числе технологической, системы вентиляции. Желателен отдельный вход Хорошо, если есть возможность организации летней веранды или площадки."
СТАРДОГС,Общепит,/stardonuts.php,,40.0,,,4.0,False,False,False,,arenda@stardonuts.ru,"Для размещения кофейни «Star Donuts» в островном формате требуется 8 м2 в торговой галерее или на фуд-корте, либо угловое помещение размером до 40 м2.

Потребление электричества – от 4 кВт, наличие канализации и водоснабжения желательно, но не обязательно."
ПАПА ДЖОНС,Общепит,/papajohn.php,100.0,200.0,1 этаж; 1 этаж,,50.0,False,False,False,,support@retailstreets.ru,площадь от 100 до 200 кв.м. 1 этаж электричество мощность от 50 Квт или возможность увеличения
СКАЛКА,Общепит,/skalka.php,40.0,80.0,,,,False,False,False,,support@retailstreets.ru,Food Corner 6x2.5 м Скалка Маркет 40-80 м2 Скалка Кафе 80-200 м2
SURF COFFEE,Общепит,/surfcoffee.php,,,,,,False,False,False,,support@retailstreets.ru,"Стрит-ритейл, помещение в торговом или офисном здании, отдельно стоящее здание Наличие поблизости учебных заведений, отелей, офисных зданий, спортивных площадок, городских достопримечательностей, скейт-парков Высоки потолки и большие окна как преимущество."
ПОМПОНЧИК,Общепит,/pomponchik.php,150.0,250.0,,,45.0,False,False,False,,support@retailstreets.ru,"Крупные торговые центры и автотрассы Московской области Площадь 150-250 м2 Электроэнергия от 45 Квт Водопровод, канализация Парковка для посетителей"
BURGER CLUB,Общепит,/burgerclub.php,40.0,60.0,подвал,,50.0,True,False,False,,support@retailstreets.ru,"ФУД КОРТ Общая зона фуд корта (in line) в торговом/торгово-развлекательном центре Площадь от 40 до 60 м² Ширина бара min. 5 м.п. Высота от 2,7 м. Электрическая мощность 50 кВт СТАЦИОНАР Торговое помещение (street retail) на центральной, оживленной улице Наличие витринных окон, ширина фасада от 6 м. Подвальные помещения не рассматриваются Площадь от 70 до 200 м² Высота от 2,7 м. Электрическая мощность 50 кВт"
ROSTICS,Общепит,/rostics.php,120.0,140.0,на 1 этаж; 1 этаж,,,False,False,False,,support@retailstreets.ru,"Фуд-корт Площадь фуд-корта от 120 до 140 м2. Длинна секции не менее 6 м Крупные торговые, и деловые бизнес-центры, ресторанные дворики, зона фуд-корт Помещения на 1 этаже Площадь помещения от 300 до 500 м2 Помещение находиться в местах скопления людей и транспортных потоков. Зона активного стрит ритейла Земельные участки Площадь участка от 1800 до 5000 м2 Расположен на транспортной магистрали, парковке торгового центр. Высокий автомобильный трафик вблизи объекта. Пешеходный трафик будет являться преимуществом"
ЛИНЗМАСТЕР,Оптика,/lensmaster.php,50.0,90.0,1 этаж; подвал; 1 этаж,,,False,False,False,,arenda@lensmaster.ru,"Площадь помещения: - Торговые центры: 50 - 90 кв.м. - Отдельностоящие помещения: 60-100 кв.м.; Расположение: - Торговые центры: 1 этаж, рядом с входом или супермаркетом; - Отдельностоящие помещения: 1 этаж, помещение одноуровневое (без подвала и второго этажа) рядом с метро или трафикообразующим объектом; Длительный срок аренды; Водопровод - холодная вода обязательно, горячая (желательно); Канализация - диаметр 50 – обязательно, диаметром 100 (желательно); Наличие вентиляции или возможность подключения вытяжки."
ОЧКАРИК,Оптика,/ochkarik.php,70.0,100.0,,,,False,False,False,,arenda@ochkarik.ru,Москва и Московская область. Общая площадь — 70 – 100 кв. м. Необходимая электрическая мощность — 100 – 150 Вт на кв. м. площади помещения. Наличие централизованного водоснабжения и канализации. Длительный срок аренды.
ОПТИМИСТ ОПТИКА,Оптика,/optimistoptica.php,,,,,,False,False,False,,arenda@optimistoptica.ru,
АЙКРАФТ,Оптика,/eyekraft.php,25.0,60.0,первый этаж,,,True,True,False,,arenda@eyekraft.ru,Площадь помещения от 25 до 60 кв.м. Отдельный вход. Витринные окна. Торговые центры - любой этаж с хорошей проходимостью. Стрит-ритейл - первый этаж.
ПОДРУЖКА,Парфюмерия и косметика,/podruzka.php,120.0,150.0,торговый центр,,,False,False,False,,kulakova@taber.ru,Площадь от 120 до 150 кв.м. Стрит-ритейл либо торговый центр
ЗОЛОТОЕ ЯБЛОКО,Парфюмерия и косметика,/goldapple.php,,,,,,False,False,False,,development@goldapple.ru,Торговая сеть Золотое яблока управляет магазинами парфюмерии и косметики в разных регионах России.
ГАЛЕРЕЯ КОСМЕТИКИ,Парфюмерия и косметика,/proficosmetics.php,90.0,,,,,False,False,False,,arenda@proficosmetics.ru,Москва. Стрит-ритейл Площадь от 90 кв.м.
УЛЫБКА РАДУГИ,Парфюмерия и косметика,/radugi.php,130.0,,первый этаж,,10.0,True,False,False,,support@retailstreets.ru,Жилой массив с не менее чем 10 000 жителей в радиусе 500 м Первый этаж и наличие витрин Наличие развитой инфраструктуры Возможность размещения рекламной вывески на фасаде Электрическая мощность — 10кВт на 100 м2 Общая площадь — от 130 м2 до 180 м2
МАГНИТ КОСМЕТИК,Парфюмерия и косметика,/magnitcosmetic.php,180.0,,,,,False,False,False,,kp_nedvigimost@magnit.ru,"Под магазины по продаже косметики, бытовой химии и товаров для дома формата «Магнит - Косметик» (МК) рассматриваются помещения площадью от 180 кв.м. до 300 кв.м."
ЛЕТУАЛЬ,Парфюмерия и косметика,/letoile.php,,,,,,False,False,False,,arenda@alkor.co.ru,
РИВ ГОШ,Парфюмерия и косметика,/rivegauche.php,250.0,,первый этаж; торговый центр,,,True,False,False,,support@retailstreets.ru,"Торговые центры - Первый этаж, зона главной входной группы в торговый центр или зона центрального атриума Street-retail - Помещение с витринами на 1-м этаже здания, расположенного на центральной улице города Площадь: от 250 м2 до 1500 м2 Витринная группа: не менее 10 м Срок договора: от 7 лет Возможность размещения вывески РИВ ГОШ на фасаде на весь срок договора"
ИЛЬ ДЕ БОТЕ,Парфюмерия и косметика,/iledebeaute.php,,,,,,False,False,False,,rent@iledebeaute.ru,
ЛОКСИТАН,Парфюмерия и косметика,/loccitane.php,30.0,60.0,,,,False,False,False,,Janna.Izvekova@sobeautiful.ru,Москва и в крупнейшие региональные города Площадь от 30 до 60 м2
HAMELEONAIL,Парфюмерия и косметика,/hameleonail.php,10.0,50.0,1 этаж; 1 этаж,,,False,False,False,,hameleonopt@mail.ru,Рассматриваем варианты размещения в торговых точках и островах в торговых центрах. Площадь помещения от 10 до 50 м2 Высокая проходимость Предпочтительно 1 этаж Широкие рекламные возможности
ЕРМОЛИНО,Продукты,/ermolino.php,20.0,100.0,,,,False,False,False,,support@retailstreets.ru,Торговая сеть Ермолино арендует помещения под продуктовые магазины. Площадь от 20 до 100 м2
ИКОРНЫЙ,Продукты,/ikorniy.php,21.0,40.0,1 этаж; цоколь; 1 этаж,,10.0,False,True,False,,arenda@ikorniydom.ru,"Москва и Московская область Изолированное помещение для размещения магазина Требования к помещению: центр спальных, торговых или деловых районов сложившийся торговый кластер видимость с основных трафиков отдельный вход 1 этаж - наличие парковки желательно площадь помещения 21-40 м2 (оптимально 30-50 м2) свободная планировка желательно от 10 кВт электроэнергии инженерные коммуникации круглосуточный доступ Торговая площадь в продуктовом гастрономе Требования к помещению: 1 этаж / неглубокий цоколь наличие парковки минимальная площадь 7,5 × 2,5 м 7 кВт электроэнергии наличие кондиционирования инженерные коммуникации наличие сетевых компаний на территории Гастронома круглосуточный доступ Торговое помещение для продуктового гастронома большого формата Требования к помещению: отдельный вход / общий вход разделенный тамбуром 1 этаж / неглубокий цоколь наличие парковки площадь помещения 60-120 м2 свободная планировка желательно погрузка-разгрузка от 35 кВт электроэнергии инженерные коммуникации"
КОНФАЭЛЬ,Продукты,/confael.php,,,,,,False,False,False,,fmdirector@confael.ru,остров в торговых центрах; отдельный бутик в торговых центрах; Street retail.
АЛЕНКА,Продукты,/alenka.php,100.0,300.0,,,20.0,True,False,False,,arenda@babaev.ru,"Площадь от 100 до 300 кв.м. Центральные улицы города, туристические маршруты, исторические центры, пешеходные зоны, выходы из станций метро. Первые этажи, отсутствие ступенек (не более трех). Высокий пешеходный трафик. Хорошая обзорность с главной улицы. Наличие больших витрин, панорамное остекление. Помещения правильной прямоугольной формы. Возможность размещения рекламных конструкций на фасаде. Не менее 20 кВт э/энергии. Канализация. Водоснабжение."
РЕМИТ,Продукты,/remit.php,200.0,400.0,,,,False,False,False,,support@retailstreets.ru,Площадь 200-400 кв.м. Расположение Москва и ближнее Подмосковье
КРАСНАЯ ИКРА,Продукты,/krasnaya-ikra.php,25.0,100.0,1 этаж; цоколь; 1 этаж,,10.0,True,True,False,,realtor@krasikra.com,Отдельное помещение: отдельный вход 1 этаж - наличие парковки желательно площадь помещения 25-100 м2 свободная планировка желательно от 10 кВт электроэнергии инженерные коммуникации место под наружную рекламу Площадь в продуктовом гастрономе: 1 этаж / неглубокий цоколь наличие парковки минимальная площадь 6000 х 3000 мм 8 кВт электроэнергии< инженерные коммуникации наличие сетевых компаний в Гастронома место под наружную рекламу Помещение под гастроном: 1 этаж наличие парковки площадь помещения 100-350 свободная планировка желательно погрузка-разгрузка от 35 кВт электроэнергии инженерные коммуникации место под наружную рекламу
КАРАВАЙ-СВ,Продукты,/karavay.php,8.0,15.0,,,,False,False,False,,arenda@karavay-sv.ru,Площадь от 8 до 15 м2
МЯСНИЦКИЙ РЯД,Продукты,/kolbasa.php,15.0,,первый этаж,,150.0,True,False,False,,razvitie@fmmr.market,"Размещение: street retail, торговые центры, первый этаж жилого дома, зальная планировка, пристройка к зданию или отдельно стоящее здание, павильон Общая площадь от 15 м² до 100 м² Электроэнергия: от 4 до 150 кВт Проходное удобное для покупки место Есть место под наружную рекламу Канализация Наличие ХВС (холодного водоснабжения) Высота потолка не менее 3 метров"
МЯСНОВЪ,Продукты,/myasnov.php,250.0,300.0,на 1 этаж; 1 этаж,3.0,45.0,False,False,False,,77arenda@mail.ru,Площадь 250-300 кв.м. на 1 этаже Мощность не менее 45 кВт Высота потолка от 3 метров Наличие парковки и зоны разгрузки
ВКУСВИЛЛ,Продукты,/vkusvill.php,100.0,,первый этаж; подвал,,40.0,True,False,False,,razvitie@vkusvill.ru,"Размещение: street retail, торговые центры Площадь (общая от 100 м² до 250 м²) Электроэнергия: не менее 40 кВт Проходное удобное для покупки место Завоз товара не пересекается со входом покупателя Первый этаж жилого дома, пристройка к зданию или отдельно стоящее здание (подвал и второй этаж не рассматривается; подсобка может быть в подвале) Есть место под наружную рекламу Канализация Наличие ХВС (холодного водоснабжения) Высота потолка не менее 3 метров"
АГРОКОМПЛЕКС ВЫСЕЛКОВСКИЙ,Продукты,/agrokompleks.php,30.0,1000.0,на 1 этаж; 1 этаж,,,False,False,False,,support@retailstreets.ru,Площадь помещений от 30 до 1000 м2 Помещения на 1 этажах коммерческого назначения Земельные участки от 50 м2
OZON,Пунк выдачи,/ozon.php,20.0,60.0,,,,False,True,False,,support@retailstreets.ru,"Площадь от 20 до 60 м² Москва, Московская область. В приоритете стрит-ритейл, помещения с отдельным входом)."
ЯНДЕКС МАРКЕТ,Пунк выдачи,/yandexmarket.php,20.0,60.0,,,,False,True,False,,support@retailstreets.ru,"Площадь от 20 до 60 м² Стрит-ритейл и торговые центры (в приоритете стрит-ритейл, помещения с отдельным входом)."
WILDBERRIES,Пунк выдачи,/wb.php,40.0,120.0,1 этаж; цоколь; 1 этаж,,,True,True,False,,support@retailstreets.ru,"Площадь от 40 до 120 м² 1 этаж, неглубокий цоколь Возможность размещения вывески Отдельный вход Вы можете предложить помещение в аренду под пункт выдачи заказов (ПВЗ) WILDBERRIES связавшись с сотрудником по приведенным ниже контактам."
LAMODA,Пунк выдачи,/lamoda.php,50.0,120.0,1 этаж; 1 этаж,,,True,False,False,,support@retailstreets.ru,Street-retail и торговые центры Площадь от 50 до 120 м² 1 этаж. (2 этаж рассматривается при обязательном наличии лифта или эскалатора) Зальная планировка Возможность размещения вывески на фасаде Возможность разгрузки 24/7
ZАМАНИЯ (ЗАМАНИЯ),Развлечения/кинотеатры,/zamania.php,5.0,12.0,,,,False,False,False,,arenda@zamania.ru,Расположение в крупных ТРЦ (аренднопригодная площадь от 20000 кв.м.) Площадь от 2000 кв.м. Высота потолков от 5 до 12 кв.м. Выделенная мощность 160 кв.м.
ДЖУНГЛИ СИТИ),Развлечения/кинотеатры,/junglicity.php,,,,,,False,False,False,,jungle_razvitie@jupark.ru,Помещения в крупных торгово-развлекательных центрах
МЕГАФОН,Салоны связи,/megafon.php,20.0,,1 этаж; цоколь; 1 этаж,,,False,False,False,,support@retailstreets.ru,"Помещения под салоны связи от 20 кв.м. 1 этаж для стрит-ритейла, 1 и цокольный для ТЦ Места с большой проходимостью"
БИЛАЙН,Салоны связи,/beeline.php,20.0,50.0,1 этаж; 1 этаж,,,True,False,False,,support@retailstreets.ru,Арендуем торговые помещения под салоны связи в торговых центрах и формата стрит-ритейл. Площадь помещений от 20 до 50 кв.м. 1 этаж. Торговые центры и стрит-ритейл. Витринные окна. Места с большой проходимостью.
T2,Салоны связи,/t2.php,15.0,60.0,1 этаж; 1 этаж,,,True,False,False,,arendatele2@mail.ru,"Ищем торговые помещения в торговых центрах и формата стрит-ритейл. Площадь от 15 до 60 кв.м. 1 этаж, витринные окна. Места с большой проходимостью."
МТС,Салоны связи,/mts.php,20.0,70.0,,,,False,False,False,,support@retailstreets.ru,"Площадь от 20 до 70 кв.м. Места с большой проходимостью. Торговые центры - на входе, на пересечении галерей или возле кассовой зоны продуктового якоря. Street retail - в деловом или торговом центре города, возле станций метро, авто- и ж/д-вокзалов, транспортных развязок"
XSTORE,Салоны связи,/xstore.php,15.0,45.0,2 этаж,,,False,False,False,,support@retailstreets.ru,Площадь помещения: Салон: от 15-45 м2 Остров: от 9-20 м2 ТОПовые ТРЦ города с трафиком от 10000 человек в день 1 и 2 этажи ТЦ
СУПЕРМЕН,"Салоны красоты, барбершопы, парикмахерские",/superman.php,20.0,40.0,1 этаж; 1 этаж,,,True,False,False,,support@retailstreets.ru,"Площадь от 20 до 40 м2 1 этаж Наличие окон, возможность размещения вывески"
AMAZING RED,Спорт,/amazingred.php,,,,,,False,False,False,,rent@inventive.ru,
ТРИАЛ-СПОРТ,Спорт,/trialsport.php,1000.0,1500.0,,,,False,False,False,,support@retailstreets.ru,"Помещения должны располагаться в населенных пунктах с численностью населения более 150 000 тыс. человек, на проездных магистралях, в торговых центрах. Общая площадь: 1000 - 1500 м2"
СПОРТМАСТЕР,Спорт,/sportmaster.php,1200.0,,,,,False,False,False,,arenda@sportmaster.ru,"Объекты должны располагаться в населенных пунктах с численностью населения более 70 тыс. человек, на центральных магистралях города, в крупных торговых центрах. Для Украины, Казахстана и Республики Беларусь - города с численностью от 200 тыс. человек. Помещение общей площадью от 1200 кв. м. до 6000 кв.м. должно находиться на первом этаже (возможно рассмотрение других вариантов). Должна быть возможность подъезда и разгрузки большегрузных автомобилей, в случае расположения объекта на втором - наличие грузового лифта. Ширина входной группы - не менее 12 метров. Высота потолков - не менее 3,5 метров."
ПЕТРОВИЧ,Стройматериалы,/petrovich.php,,,,,,False,False,False,,direct.development@petrovich.ru,"Петрович рассматривает локации под будущее размещение своих Строительно-Торговых Центров (СТЦ). Рассматривается покупка земельных участков от 6 га, на первых линиях транспортных магистралей, внутригородское или вне границ населенного пункта на оживленной трассе, размещение)."
ВСЕИНСТРУМЕНТЫ.РУ,Стройматериалы,/vseinstrumenti.php,150.0,200.0,первый этаж,2.8,,False,False,False,,support@retailstreets.ru,"Площадь от 150 до 200 м2 Только первый этаж, круглосуточный доступ Высота потолков от 2.8 м"
КРЕПМАРКЕТ,Стройматериалы,/krepmarket.php,70.0,500.0,,,50.0,False,False,False,,4004545@krepmarket.ru,"Москва Площадь помещения от 70 до 500 м2. Наличие парковки Вид строения может быть абсолютно любой: павильоны, торговые площади, пристройки и т. п. мощность в электросетях должна составлять не менее 50 кВт, также требуется наличие всех инженерных коммуникаций"
GRAND LINE,Стройматериалы,/grandline.php,30.0,150.0,,,,False,False,False,,arenda@grandline.ru,"Москва, Московская область Санкт-Петербург Калуга, Тула, Брянск, Рязань, Ярославль, Рыбинск, Кострома, Иваново. Краснодар, Ростов-на Дону, Сочи, Ставрополь. Саранск, Казань, Чебоксары, Екатеринбург, Набережные Челны, Нижний Новгород, Арзамас, Муром, Дзержинск, Балахна. Помещения или земельные участки Павильоны площадью от 30 до 150 м2 Земельные участки 100 до 300 м2"
ПОЛ СТРАНЫ,Стройматериалы,/polstrany.php,120.0,,,3.0,,True,False,False,,rent@polstrany.ru,площадь торгового зала без учета подсобных помещений – от 120 м2 Торговые центры и стрит-ритейл (первая линия) высота потолков от 3 м возможность размещения вывески полного формата пешеходный и автомобильный трафик наличие парковки шаговая доступность от метро (не более 10 минут пешком)
УПРАВДОМ,Стройматериалы,/upravdom.php,300.0,,первый этаж,3.0,,True,False,False,,support@retailstreets.ru,первый этаж первой линии домов или площадь в торговом цен>тре; площадь торгового зала от 300 м²; свободная планировка; высота потолков от 3 м; возможность проведения погрузочно - разгрузочных работ (еврофура); возможность размещения вывески полного формата; пешеходный и автомобильный трафик; прямой долгосрочный договор с собственником (от 5 лет).
ДОБРОЦЕН,Супермаркет/Гипермаркет,/dobrotsen.php,,,,3.5,50.0,False,False,True,,razvitie@dobrotsen.ru,"площадь 800-1100м; локация: первая линия на въезде/выезде в город с федеральных трасс; местонахождение на первом этаже; наличие парковки на 40-50 м/мест; выделенная мощность 50 кВт; отдельный въезд для фур с обратной стороны здания; обустройство беспылевого пола; нагрузка на пол 3т/м2 при высоте потолка от 3.5м; высота потолков от 3.5м один уровень пола в ТЗ, холодильной камере, зоне приемки и пандусе на разгрузке; обустройство навеса-козырька с освещением и тепловой завесой в зоне приемки (под фуру) и при входе покупателей; наличие тамбура на центральном входе для Покупателей; наличие электро-точки для подключения холодильного оборудования мощностью 20кВт и напряжением 380 В., с установленным рубильником (автоматом); наличие вентиляции в помещении; наличие освещения не менее 350 лк в ТЗ и не менее 250 лк в зоне приемки и подсобных помещениях; обустройство туалета с умывальником; подвод воды и канализации, облицовка кафелем в зоне фасовки; обустройство кабинета директора, склада и раздевалки для сотрудников; наличие документов, необходимых для государственной регистрации договора аренды"
ДА,Супермаркет/Гипермаркет,/da.php,1000.0,,,3.2,170.0,False,False,False,,support@retailstreets.ru,"Расположение объекта на пересечении основных автодорог, либо при въезде/выезде из города с населением от 20 000 человек в Московской области (Тверской, Тульской, Рязанской, Калужской областях), либо на крупных развязках автодорог В составе торговых центров, ритейл парков, встроенно-пристроенных помещений или отдельно стоящих зданий Помещение в одном уровне, от 1000 кв.м. с высотой потолка от 3,2 метров Шаг колонн от 6 метров Нагрузка на пол: мин - 1000 кг/кв.м. в торговом зале и в зоне складирования товара Парковка - от 40 машиномест Электрическая мощность - от 170 кВт"
ЧИЖИК,Супермаркет/Гипермаркет,/chizik.php,390.0,420.0,,,50.0,False,False,False,,112@chizhik.club,"Площадь общая – 390-420 кв. м., торгового зала – 250-280 кв.м. Наличие зоны разгрузки и подъездные пути к ней, входной группы. Электрическая мощность 40-50 кВт. Холодное водоснабжение, канализация, отопление. Москва, Тверь, Владимир, Н.Новгород, Уфа, Челябинск, Екатеринбург, Пермь и области соответствующих городов."
ГИПЕРМАРКЕТЫ МАЯК,Супермаркет/Гипермаркет,/mayak.php,,,,,,False,False,False,,razvitie@mayakgm.ru,"Гипермаркет «Маяк» – это магазин-склад площадью, около 2 000 кв.м. В «Маяке» применяется выкладка товаров на складских стеллажах, поддонах."
СВЕТОФОР,Супермаркет/Гипермаркет,/svetofor.php,900.0,1200.0,,,,False,False,False,,rent@svetofor-nsk.ru,Супермаркет - площадь от 900 до 1200 кв.м. Требования полностью и регионы развития можно посмотреть на сайте торговой сети Светофор
МИРАТОРГ,Супермаркет/Гипермаркет,/miratorg.php,500.0,3500.0,1 этаж; 1 этаж,,,False,False,False,,A.Anikin@agrohold.ru,"1 этаж отдельностоящего здания (ТЦ, встроенно-пристроенное); · возможность разгрузки большегрузными автомобилями; · наличие парковки; · инженерные коммуникации. Месторасположение: · густонаселенный жилой массив; · интенсивный автомобильный и пешеходный траффик; · наличие остановок общественного транспорта и метро. Центральный регион: · общая площадь супермаркета от 500 до 3500 кв.м. · общая площадь мясной лавки от 80 до 150 кв.м. Центрально-Черноземный регион: · общая площадь супермаркета от 500 до 800 кв.м. (ТЗ – от 350 до 650 кв.м.)"
БАХЕТЛЕ,Супермаркет/Гипермаркет,/bahetle.php,,,,,,False,False,False,,,
ВЕРНЫЙ,Супермаркет/Гипермаркет,/verno.php,400.0,1000.0,первый этаж,,,False,False,False,,support@retailstreets.ru,"Объекты недвижимости на первый этажах жилых домов, ОСЗ, помещения в торговых центрах площадью от 400 до 1000 кв.м. Земельные участки под строительство магазинов."
АВОСЬКА,Супермаркет/Гипермаркет,/avoska.php,600.0,1500.0,,3.0,150.0,False,False,False,,razvitie@avoska.ru,"Площадь объекта от 600 до 1500 м2. Варианты требуемых объектов: отдельно - стоящие, встроено-пристроенные, одноэтажные. В отдельных случаях возможен вариант рассмотрения встроенных помещений. Торговый зал от 400 до 600 м2 (приблизительно 70 % площади помещения) свободной планировки (без перепадов уровня пола), либо с возможностью организации однообъемного торгового зала. В случае, если объект более одного этажа, площадь 1-го этажа, должна быть не менее 450 м2. Высота потолка от 3 м. Обязательное наличие дебаркадера (разгрузочной зоны), или возможность организации разгрузочной зоны. Обязательно наличие подъездных путей и развязок. Желательно наличие паркинга от 10-20 машиномест, или возможность его организации. Требуемая энергетическая мощность от 80 -150 Квт, в зависимости от площади объекта (принимать из расчета 0,1 кВт на 1 кв.м.). Либо возможность увеличения существующей мощности. Объект должен находиться в зоне массовой жилой застройки и оживленного транспортного трафика. Возможен вариант покупки или аренды земли, под строительство объектов, от 1000 до 3000 м2."
МАГНОЛИЯ,Супермаркет/Гипермаркет,/magnolia.php,2.0,600.0,,,60.0,True,False,False,,Svetlana_21@list.ru,"Расположение г. Москва Площадь 250м2 - 600м2 Первая линия домов, хорошая видимость 40-60 кВт, ГВС, ХВС, канализация Возможность размещения вывески на фасаде здания Высота потолков от 2,5 до 3,5м Обязателен подъезд для разгрузки малотоннажных автомобилей (Газель)"
АШАН,Супермаркет/Гипермаркет,/auchan.php,7000.0,20000.0,,,,False,True,False,,arenda@auchan.ru,"Общая площадь помещения от 7000 до 20 000 м2. В Москве или городах Подмосковья рассматриваются города с численностью населения 100 000 человек и более в радиусе 3-х км от них Расположение на первой линии основных магистралей города, либо на въезде/выезде из города, либо на крупных развязках радиальных автодорог, в непосредственной близости от крупных жилых массивов. Наличие в ближайшем окружении перспективных планов жилой застройки, транспортно-пересадочных узлов или планов их строительства является преимуществом. Расположение только на первом торговом уровне. Расположение торгового зала, подсобных и технических помещений на одном уровне, допускается размещение офисного блока на антресольном или другом уровне. Правильная, прямоугольная конфигурация с соотношением сторон 1:1,5. Наличие отдельного входа/выхода с улицы желательно. Наличие зоны погрузки/выгрузки шириной не менее 24 м дополнительно к пятну застройки в случае отсутствия сквозного проезда и возможности организации не менее 3 собственных грузовых ворот в зависимости от формата магазина. Наличие парковки непосредственно перед помещением из расчета 15 машиномест на 100 кв. м общей площади магазина. Возможность подключения инженерных систем (электроснабжение, водоснабжение, канализация, вентиляция, отопление) согласно требованиям компании. Оптимальная высота помещения 7 м для формата магазина Ашан-Сити, и 8 м для формата Ашан-Классик. Оптимальный шаг колонн 16х16 или 16х24. Земельные участки: Площадь от 2 до 20 га. В регионах рассматриваются города с населением не менее 600 000 человек. Категория ВРИ: земли поселений, торговое назначение. Наличие 2 заездов/выездов минимум. Расположение на первой линии трасс, в зонах жилой застройки. Правильная форма участка, плоский рельеф является преимуществом. Собственность/долгосрочная аренда. Наличие легитимного пакета документов. Отсутствие обременений, ограничивающих использование участка."
ДИКСИ,Супермаркет/Гипермаркет,/dixy.php,290.0,,1-ый этаж,,45.0,False,False,False,,realty@dixy.ru,"Магазин у дома (CONVENIENCE) География (строго): Москва, Московская область, Санкт-Петербург, Ленинградская область. Новгородская, Псковская, Тверская, Ярославская, Владимирская, Костромская и Ивановская области. Целевое Расположение: Населенные пункты с количеством жителей более 3 000 человек. Первая линия, наличие в окружении жилья. Пешеходный и автомобильный трафик, парковка для покупателей. Наличие условий для разгрузки. Помещение: Общая площадь помещений: от 290 м² до 700 м² Помещение должно располагаться на первом этаже и иметь отдельный центральный вход. Подсобные помещения должны находиться на одном уровне с торговым залом. Высота потолков не менее 3 метров. Наличие коммуникаций: водоснабжение, теплоснабжение, электроснабжение от 45 кВт. Дарксторы (Darkstore) География: Город Москва (строго) Целевое Расположение: Жилые районы города Москвы. 1-ый этаж. Допускается размещение помещений в цоколе и на втором этаже с наличием грузовых подъемных механизмов (не менее 1100 кг). Помещение: Общая площадь помещений: от 450 м² до 600 м² Высота потолков не менее 3 метров. Наличие коммуникаций: водоснабжение, теплоснабжение, электроснабжение от 45 кВт. Парковка для курьеров. Наличие технической возможности для разгрузки крупногабаритного транспорта."
МАГНИТ,Супермаркет/Гипермаркет,/magnit.php,250.0,,,,,False,False,False,,razvitie_gm@magnit.ru,"Форматы магазинов: Магнит у дома: Площадь помещения от 250 м² до 650 м² Моя цена: Площадь помещения от 130 м² до 320м² ММ Мини: Площадь помещения от 100 м² до 240 м² Ультракон: Площадь помещения от 120 м² до 140м² Гипермаркет Магнит, Магнит Семейный: Площадь помещения от 1000 м² до 10 000 м²"
АЗБУКА ВКУСА,Супермаркет/Гипермаркет,/azbukavkusa.php,200.0,400.0,,,,False,False,False,,smurakhovskiy@azbukavkusa.ru,"Центр Москвы и ближайшее Подмосковье, в престижных микрорайонах с высокой концентрацией проживания целевой аудитории покупателей (как существующей, так и перспективной жилой застройки); на пути следования к престижным пригородам и районам элитной застройки, в центрах бизнес-активности; обязательное условие - помещение должно быть расположено на первой линии домов, с примыкающей парковкой/возможностью ее обустройства или на месте с большим потоком пешеходов. предпочтительная общая площадь помещения от 200 до 400 кв.м. или от 550 до 2000 кв.м. с возможностью организации одного объемного торгового зала минимум на 3/4 площади; торговый зал должен располагаться на первом этаже, иметь отдельный центральный вход-выход, подсобные помещения могут находиться как на одном уровне с торговым залом (лучший вариант), так и под/над ним (при условии наличия лифта или возможности его установки); высота потолка (в идеале) не ниже 3,5 метров; существующие помещения и объекты нового строительства."
ПЯТЕРОЧКА,Супермаркет/Гипермаркет,/pyaterochka.php,250.0,,,,49.5,False,False,False,,support@retailstreets.ru,"Свободный доступ пешеходов и автомобилей Наличие пешеходных дорожек и подъездных путей к магазину Возможность получения разрешительной документации Расположение детских, образовательных учреждений, библиотек, оптовых и розничных рынков, медицинских, спортивных учреждений не препятствуют получению лицензии на алкоголь Требования к торговому залу Площадь от 250 м² Минимальная ширина торгового зала 6,5 м Высота потолка выше 2,5 м Допускается не более 5% площади торгового зала с высотой не ниже 2,1 м Замкнутый контур магазина Подсобки не размещены отдельно от торгового зала с проходом через узкие помещения Подсобки не размещены отдельно от торгового зала с проходом через узкие помещения Соотношение площадей подсобных помещений к торговому залу 20% / 80% Требования к подсобным помещениям Электро-мощность более 49,5 КВт Наличие горячего и холодного водоснабжения, канализации и отопления"
ЛЕНТА,Супермаркет/Гипермаркет,/lenta.php,600.0,1500.0,,,,False,False,False,,yury.yakorev@lenta.com,"Торговая сеть Лента берет в аренду и покупает нежилые помещения для открытия своих магазинов в формате супермаркет и гипермаркет. Также компания приобретает земельный участки под строительство гипермаркетов. Общие требования к недвижимости торговой сети Лента (более подробно уточняйте у менеджеров компании): Под супермаркеты Лента рассматриваются помещения от 600 до 1500 кв.м, земельные участки под застройку от 0,4 до 1,5 га. Под строительство гипермаркетов Лента рассматриваются земельные участки от 1,5 до 6 га. Под гипермаркеты рассматриваются помещения от 5500 кв.м."
ПЕРЕКРЕСТОК,Супермаркет/Гипермаркет,/perekrestok.php,1300.0,3000.0,,,250.0,False,True,False,,perekrestok-razvitie@x5.ru,"Общая площадь от 1300 до 3000 кв.м. Минимальная площадь торгового зала - 800 кв.м; Подключение к основным инженерным системам (водоснабжение, канализация, вентиляция, отопление); Электричество не менее 250 кВт Hаличие отдельного входа/выхода; Наличие зоны погрузки-выгрузки; Наличие парковки перед зданием;"
ОКЕЙ,Супермаркет/Гипермаркет,/okey.php,5000.0,100000.0,,,,False,False,False,,lease@okmarket.ru,"Отдельные здания и торговые центры на первой линии автодорог, локации с высоким автомобильным трафиком, удобными заездами на парковку. От 5000 до 100000 кв.м. одним уровнем. Высота потолков 5,5-6 м. Москва, Московская область, Санкт-Петербург, Ленинградская область, Новосибирск, Екатеринбург, Нижний Новгород, Краснодар"
GLOBUS,Супермаркет/Гипермаркет,/globus.php,30000.0,,,,,False,False,False,,support@retailstreets.ru,Рассматриваются предложения по приобретению земельных участков только на территории Москвы и Московской области площадью от 30 000 кв. м. Требования к земельному участку
САМБЕРИ,Супермаркет/Гипермаркет,/samberi.php,1300.0,,,,400.0,False,False,False,,zaborovski.a@samberi.com,"Самбери рассматривает земельные участки и здания под гипермаркеты на Дальнем Востоке и в Сибири. Земельные участки под строительство Площадь земельного участка от 1,5 Га. Вид разрешенного использования – подходящий для разрешенного торгового объекта/возможность его изменения. Первые линии основных транспортных магистралей с хорошей визуализацией; внутри крупных жилых массивов или в непосредственной близости к ним; удобная транспортная доступность; наличие остановок общественного транспорта. Правильная форма участка – прямоугольник, квадрат. Возможность организации розничной торговли табачными изделиями и алкогольной продукцией. Здания и помещения ОСЗ или помещения в составе ТЦ, ТК, МФК. Площадь от 1 300 кв. м в одном уровне (торговый зал от 1 000 кв. м.). Первые линии основных транспортных магистралей с хорошей визуализацией; внутри крупных жилых массивов или в непосредственной близости к ним; удобная транспортная доступность; наличие остановок общественного транспорта. Парковка – не менее 1 машино-место на 20 кв. м торговой площади. Инженерное обеспечение – электроснабжение не менее 400 кВт по 2-ой категории надежности; водоснабжение не менее 20 куб. м в сутки; наличие водоотведения, теплоснабжения. Нагрузка на пол – не менее 800 кг на кв. м. Возможность организации розничной торговли табачными изделиями и алкогольной продукцией."
КОМАНДОР,Супермаркет/Гипермаркет,/komandor.php,300.0,5000.0,,,,False,False,False,,support@retailstreets.ru,"Рассматриваются нежилые здания и помещения в Красноярском крае, Иркутской области, республиках Хакасия и Тыва. Площадь от 300 до 5000 м2 Требования к помещениям: наличие электричества, водоснабжения, водоотведения, отопления; свободная планировка помещений, площадь торгового зала не менее 60% от общей площади; размещение в жилых массивах, на центральных автомагистралях;"
SPAR,Супермаркет/Гипермаркет,/spar.php,200.0,,,,,False,False,False,,bodrilova@spar-nn.ru,"Рассматриваются регионы: Москва, Московская область, Санкт-Петербург, Нижний Новгород, Нижегородская область, республики Чувашия, Марий Эл, Мордовия, Татарстан, Самарская, Саратовская, Ульяновская, Пензенская области, Ярославская область, Ивановская область, Владимирская область. Площадь от 200 м2. Наличие центральных коммуникаций, подъездных путей, парковки."
КРАСНЫЙ ЯР,Супермаркет/Гипермаркет,/krasyar.php,250.0,650.0,,3.0,50.0,False,False,False,,support@retailstreets.ru,"Красноярский край и Республика Хакасия. Площадь 250 - 650 м2 Нежилое здание или помещение, введено в эксплуатацию, состоит на учете в ЕГРН Высота потолков от 3 м Мощность электричества от 50 Квт Договор от 7 лет"
ЗАКРОМА,Супермаркет/Гипермаркет,/zakroma.php,300.0,1000.0,первый этаж,3.0,80.0,False,False,False,,razvitieruk@kopdom.ru,"Регионы развития Ставропольский, Краснодарский край, КЧР Площадь от 300 до 1000 м2. Населеные пункты от 10 000 человек. Первый этаж Потолки от 3м Электронабжение: от 80 КВт"
ЯРЧЕ,Супермаркет/Гипермаркет,/yarche.php,250.0,500.0,,,,False,False,False,,support@retailstreets.ru,Площадь от 250 до 500 м2
SMART,Супермаркет/Гипермаркет,/smartsupermarket.php,700.0,1200.0,,3.5,100.0,True,False,False,,kalashov@swnn.ru,"Рассматриваются помещения в Москве, Московской области, Нижнем Новгороде, Нижегородской области, Санкт-Петербурге, республиках Чувашия, Марий Эл, Мордовия, Татарстан, Кировской, Костромской, Тульской, Калужской, Рязанской, Пензенской, Ярославской, Ивановской, Владимирской областях. Площадь 700-1200 м2 в одном уровне От 100 кВт, ГВС, ХВС, канализация Нагрузка на пол от 1000 кг/м2. Высота потолков от 3,5м Подъезд для разгрузки автомобилей грузоподъемностью от 5 до 20 тонн Размещение вывески на фасаде здания"
ПОБЕДА,Супермаркет/Гипермаркет,/pobeda.php,180.0,1000.0,,2.8,,False,True,False,,support@retailstreets.ru,"В городах и населённых пунктах Приволжского, Центрального и Южного
федеральных округов с населением от 5 000 человек. 

Площадь от 180 до 1000 м2

Наличие парковки

Высота потолков от 2,8 м

Отдельный вход"
РАЗ ДВА,Супермаркет/Гипермаркет,/razdva.php,120.0,300.0,первый этаж,,35.0,False,False,False,,lugovaia.o@raz2va.ru,"Хабаровск, Владивосток Общая площадь помещения от 120 до 300 м2 Первый этаж Электрическая мощность от 35 кВт Пешеходный/автомобильный трафик Автомобильная парковка"
МАКСИ,Супермаркет/Гипермаркет,/maxiretail.php,200.0,350.0,,,,False,False,False,,hariaa@maxi-net.ru,"Архангельская, Вологодская, Кировская, Костромская и Ярославская области. Помещения от 200 до 350 м² под формат Макси экспресс Помещения от 450 до 2 000 м² под формат Макси супермаркет Помещения от 2 000 м² под формат Макси гипермаркет Земельные участки с видом разрешенного использования «магазины», «торговые центры» площадью от 2000 м²"
КРАСКИ.РУ,Товары для дома,/kraskiru.php,40.0,100.0,цоколь,,,False,False,False,,arenda@kraski.ru,"Центральные улицы, первая линия. Площадь 40-100 кв.м. Первый, второй, цокольный этажи. Возможность подъезда и парковки Жилой массив или офисная зона."
КЕНГУРУ,Товары для дома,/kenguru.php,150.0,1500.0,1 этаж; цоколь; 1 этаж,,,False,False,False,,rent@kenguru.ru,"Московская, Владимирская, Ивановская, Ярославская, Костромская области; Центральная улица города, первая линия; Микрорайон с численностью от 8 000 человек Цоколь; 1 этаж; 2 этаж 150-1500 кв.м."
КОПЕЙКИН ДОМ,Товары для дома,/kopeikindom.php,70.0,200.0,первый этаж,3.0,15.0,False,False,False,,razvitieruk@kopdom.ru,"Площадь от 70 до 200 кв.м. Ставропольский, Краснодарский край, КЧР Населенные пункты от 10 000 человек Высоко проходимый район В составе торгового центра, рынка или отдельностоящее здание Первый этаж Потолки 3м Электронабжение: от 15 КВт"
ЕЩЕ,Товары для дома,/eshe.php,,,,,,False,False,False,,yvorobev@detmir.ru,"Арендуем помещение Москва и Московская область, Тульская область, Тверская области, Ярославская область, Нижегородская область Общая площадь от 520 до 550 м.кв., площадь торгового зала от 400 до 470 м.кв. Приоритетом будут пользоваться площади в одном уровне между складом и залом Торговые центры, отдельно стоящие здания, объекты стрит-ритейла Высота помещения не менее 3-х метров Возможность подъезда и зоны разгрузки большегрузного транспорта Наличие грузового лифта/подъемника Возможность осуществления доставки и разгрузки в рабочее время без ограничений Наличие в помещении системы вентиляции, кондиционирования Наличие необходимых систем пожарной защиты Долгосрочная аренда от 7 лет"
FISSMAN,Товары для дома,/fissman.php,30.0,60.0,первый этаж,,,False,False,False,,retail@fissman.ru,ТРЦ от 10 000 кв.м. Первый этажа либо прикассовая супермаркета Площадь от 30 до 60 кв.м.
ПОСУДА ЦЕНТР,Товары для дома,/posudacentr.php,6000.0,50000.0,,,,False,False,False,,m.zozulia@pc-mail.ru,"Площадь ТЦ – 6000-50000 кв.м. ТЦ – регионального или районного масштаба.

В пределах 10-минутной пешеходной доступности должно проживать не менее 25 тыс. населения

В пределах 10-15 минутной транспортной досягаемости от ТЦ должно проживать не менее 150 тыс. населения.

В зоне 15-минутной пешеходной доступности – население не менее 50 тыс. чел.

Отдельное помещение:

В 10-15 минутной транспортной досягаемости – не менее 200 тыс. жителей.
Расположение на оживленной транспортной магистрали (не менее 10 тыс. машин/день)
Видимость фасада со стороны магистрали."
FIX PRICE,Товары для дома,/fixprice.php,260.0,350.0,цоколь,,20.0,False,False,False,,support@retailstreets.ru,"Общая площадь 260 - 350 м2 (в одном уровне) Разрешенная электрическая нагрузка 10 - 20 КВт Этажность: Первый и второй этажи, цоколь Расположение: Торговые центры, улицы с оживленным пешеходным движением"
ГАЛАМАРТ,Товары для дома,/galamart.php,350.0,450.0,цоколь,,,False,False,False,,arenda@galamart.ru,"ТЦ районного или городского значения Наличие продуктового ритейла Близость транспортных коммуникаций и крупного жилого массива Площадь 350-450 м2 Первый, второй или цокольный этажи Высота потолка не менее 3 метров Вентиляция не менее 2 крат, либо возможность её обеспечения Электропитание 100 Вт/м2 Кондиционирование 100 Вт/м2 или возможность его обеспечения Обязательное наличие второго эвакуационного выхода или возмножность его организации Возможность отдельной загрузки, без пересечения с потоком покупателей"
ТРИ ЦЕНЫ,Товары для дома,/3ceni.php,150.0,300.0,первый этаж; цоколь,,,False,False,False,,razvitie@3ceni.ru,"В центре города или в районах с высоким пешеходным и автомобильным трафиком. Площадь: От 150 до 300 кв.м. Первый этаж, возможность расположения на цокольном этаже с удобным доступом. Полное подключение всех необходимых коммуникаций (электричество, вода, отопление). Наличие парковочных мест для наших покупателей. Предпочтение отдается готовым к эксплуатации помещениям или требующим минимальных вложений."
ПОРЯДОК,Товары для дома,/poryadok.php,1300.0,1800.0,,,,False,False,False,,s.suvorova@sct.ru,"ЦФО, ЮФО, Москва и Московская область, Санкт-Петербург и Ленинградская область, Новгородская область, Псковская область, Нижегородская область, Республика Мордовия, Саратовская область, Казань, Нижний Новгород. Город с населением от 50 000 человек. Первая линия, улица с интенсивным пешеходным и автомобильным трафиком Площадь от 1300-1800 м2"
ЕЩЕ,Товары для дома,/eshe.php,,,,,,False,False,False,,yvorobev@detmir.ru,"Арендуем помещение Москва и Московская область, Тульская область, Тверская области, Ярославская область, Нижегородская область Общая площадь от 520 до 550 м.кв., площадь торгового зала от 400 до 470 м.кв. Приоритетом будут пользоваться площади в одном уровне между складом и залом Торговые центры, отдельно стоящие здания, объекты стрит-ритейла Высота помещения не менее 3-х метров Возможность подъезда и зоны разгрузки большегрузного транспорта Наличие грузового лифта/подъемника Возможность осуществления доставки и разгрузки в рабочее время без ограничений Наличие в помещении системы вентиляции, кондиционирования Наличие необходимых систем пожарной защиты Долгосрочная аренда от 7 лет"
КОПИРКА,Фото/печатные салоны,/kopirka.php,8.0,25.0,,,,False,False,False,,support@retailstreets.ru,"Площадь от 8 до 25 м2 Street retail и торговые центры Шаговая доступность от метро, высокая проходимость"
COPY.RU,Фото/печатные салоны,/copyru.php,15.0,,,,,False,False,False,,support@retailstreets.ru,Площадь от 15 м2 Высокий трафик Первая линия Желательно расположение в шаговой доступности ВУЗов т бизнес-центров
ОНЛАЙН ТРЕЙД,"Электронника, бытовая техника",/onlinetrade.php,20.0,40.0,,,,True,False,False,,klevansky@onlinetrade.ru,"В Москве и МО: аренда площадей от 20 до 40 кв.метров, покупка площадей от 40 до 80 кв.метров. В регионах: аренда площадей от 20 до 250 кв.метров. Для ОСЗ и ТЦ. - пешеходный и автомобильный трафик; - близость остановок общественного транспорта; - фасад здания выходит на проезжую часть улицы или перекрестка, удобен для размещения рекламы; - возможность размещения вывески размерами от 15 * 3 м.; - автостоянка для клиентов не менее 10 машин, перед фасадом здания; - оборудованный дебаркадер для разгрузки товара;"
ОФИСМАГ,"Электронника, бытовая техника",/officemag.php,300.0,800.0,1-й этаж; цоколь,,,True,False,False,,razvitie@officemag.ru,"Фасад здания должен выходить на проходную и проезжую часть улицы или площади, удобен для размещения рекламы, просматриваться с транспортных перекрестков, остановок общественного транспорта. Наличие места для размещения светодиодной вывески не менее 8 х 2 метра. Требования к местоположению: Близость деловой части города и транспортных узлов. Пересечение крупных автомагистралей.   Удобство подъезда на личном и общественном транспорте, высокий пешеходный и автомобильный трафик. Требования к объекту: Площадь 300-800 кв.м. (в зависимости от численности населенного пункта)   Желательно 1-й этаж. Рассматриваем также цоколь и второй, но с нормальной логистикой для клиентов (рядом расположенные эскалаторы и лифт для клиентов с тележками). Долгосрочная аренда - не менее 10 лет - с регистрацией договора."
1С ИНТЕРЕС,"Электронника, бытовая техника",/1cinteres.php,40.0,80.0,,,,False,False,False,,v.gorbachev@gamerepublic.ru,Города с населением свыше 150 000 человек (Московская область) и свыше 350 000 человек в других регионах Преимущественно ТРЦ общей площадью свыше 20 000 м2 Желательно наличие развлекательной составляющей и ресторанного дворика Расположение ТРЦ обеспечено хорошей транспортной доступностью Площадь: от 40 до 80 м2
re:Store,"Электронника, бытовая техника",/restore.php,,,,,,False,False,False,,kiseleva@inventive.ru,
ПОЗИТРОНИКА,"Электронника, бытовая техника",/positronica.php,30.0,50.0,,3.0,20.0,True,True,False,,franch@positronica.ru,"Площадь от 30 до 50 м2 под точки выдачи Интернет-магазина, от 200 м2 для полноформатного магазина ПОЗИТРОНИКА Высота потолка не ниже 3 метров Конфигурация зала – правильный прямоугольник, свободной планировки, без капитальных перегородок Электрическая мощность не менее 20 кВт Помещение обеспечено водоснабжением, канализацией, вентиляцией, отоплением Отдельный вход для погрузочно-разгрузочных работ Фасад здания должен выходить на проходную и проезжую часть улицы или площади, удобен для размещения рекламы, просматриваться с транспортных перекрестков, остановок общественного транспорта Возможность размещения рекламной вывески на фасаде здания Торговое место в наиболее активной зоне (для торговых центров) Первая линия домов (хорошая видимость с улицы) Соседство с магазинами сопутствующих товаров (товары для дома, офиса и интерьера) Близость транспортных узлов Удобство подъезда на личном и общественном транспорте, высокий пешеходный трафик Наличие автостоянки непосредственно перед входом"
ЭЛЬДОРАДО,"Электронника, бытовая техника",/eldorado.php,1500.0,,,,,False,False,False,,Roman.Halimetov@eldorado.ru,"- площадь - от 1500 м2 до 3000 м2 в торгово-развлекательных центрах,

- наличие оборудованных мест разгрузки товара,

- наличие парковки, транспортная доступность."
МВИДЕО,"Электронника, бытовая техника",/mvideo.php,350.0,500.0,,,,False,False,False,,expansion@mvideo.ru,"Формат 1: Общая площадь 350 - 500 м2; Формат 2: Общая площадь 550 - 1000 м2; Формат 3: Общая площадь более 1000 м2. Локация: Пересечение крупных автомагистралей; Близость транспортных узлов; Удобство подъезда на личном и общественном транспорте, высокий пешеходный трафик; Наличие автостоянки; Близость крупных жилых массивов."
DNS,"Электронника, бытовая техника",/dns.php,70.0,,цоколь; торговый центр,,,False,False,False,,support@retailstreets.ru,"- здание: торговый центр или отдельно-стоящее здание; - месторасположение: высокий пешеходный трафик, удобный подъезд на личном и общественном транспорте; - фасад здания должен выходить на пешеходную и проезжую часть улицы, просматриваться с транспортных развязок, с остановок общественного транспорта; - наличие парковки; - возможность размещения рекламы и рекламных конструкций на фасаде здания, а так же на крыше; - этажность: цоколь, первый или второй; - торговый зал: желательно правильный прямоугольник, свободная планировка, без капитальных перегородок; - площадь: от 70 кв. м."
СИТИЛИНК,"Электронника, бытовая техника",/citilink.php,15.0,40.0,,,30.0,True,False,False,,rent@citilink.ru,Площадь помещения 15 – 40 м2 Возможность размещения вывески на фасаде здания или навигации внутри ТЦ Наличие зоны разгрузки с удобным подъездом Высокий трафик Наличие парковки Наличие остановок общественного транспорта в шаговой доступности Наличие жилого массива в непосредственной близости от помещения Площадь помещения 350 – 4 500 м2 Наличие зоны разгрузки с удобными подъездными путями Электрическая мощность от 30 кВт до 200 кВт Возможность размещения вывески на фасаде здания Нагрузка на пол 400 кг/м2 Возможность организации внутренних помещений под требуемую для арендатора планировку
OPERA,Ювелирный,/opera.php,,,1 этаж; 1 этаж,,,False,False,False,,vyselkova@opera-jewellery.ru,"Торговые центры Место под остров или киоск, площадь 10 кв.м. 1 этаж торговой галереи"
VALTERA,Ювелирный,/valtera.php,,,,,,False,False,False,,,
SKAZKA Natali Romanovoi,Ювелирный,/skazka.php,,,,,,False,False,False,,,
SUNLIGHT,Ювелирный,/sunlight.php,100.0,500.0,,,,True,False,False,,arenda@sunlight.net,"Ювелирная сеть Sunlight рассматривает помещения для аренды под размещение ювелирных салонов. Крупные города от 200 тыс. населения Площадь магазина от 100 до 500 м2 Входные зоны, центральные галереи Ширина витрины не менее 6 м"
АЛМАЗ-ХОЛДИНГ,Ювелирный,/almaz.php,,,,,,False,False,False,,,
МОСКОВСКИЙ ЮВЕЛИРНЫЙ ЗАВОД,Ювелирный,/muz.php,,,,,,False,False,False,,Rent@miuz.ru,Рассматриваются города с населением от 150 тысяч человек. Площадь рассматриваемых объектов: - островная торговля о 8 до 20 метров; - помещение от 20 до 150 метров. Размещение только на первом этаже
585 GOLD,Ювелирный,/585gold.php,,,,,,False,False,False,,rent2013@zoloto585.ru,
585 ЗОЛОТОЙ,Ювелирный,/zoloto585.php,,,,,,False,False,False,,support@retailstreets.ru,
ЛИНИИ ЛЮБВИ,Ювелирный,/liniilubvi.php,30.0,80.0,,,,False,False,False,,arenda@liniilubvi.ru,Ювелирный салон площадь 30-80 кв. м. Островная конструкция площадь  15-25 кв. м.
LADY COLLECTION,Ювелирный,/ladycollection.php,25.0,50.0,,,,False,False,False,,razvitie@ladycollection.com,Lady Collection – крупнейший бренд модной бижутерии и аксессуаров Площадь от 25 до 50 м2
ЮВЕЛИР КАРАТ,Ювелирный,/juvelircarat.php,100.0,300.0,,,,True,False,False,,marketing@jeweller-karat.ru,"Крупные города с населением от 200 тыс. человек; торговые центры класса «А» и «В»; площадь торгового помещения от 100 до 300 м2; ширина витрины от 6 м.; расположение: входные зоны, центральные галереи; долгосрочный договор аренды; развитая инфраструктура."
КАТАЛОГ АРЕНДАТОРОВ,Ювелирный,/arendatorov.php,,,,,,False,False,False,,support@retailstreets.ru,
