lot_id,url,source,purchase_date,snapshot_label,days_after_purchase,confidence,likely_company,likely_usage,candidate_count
18500665,https://investmoscow.ru/tenders/tender/18500665,baseline,04.02.2022 17:00,2025-09,1334,medium,"Почта России, отделение №111399 | CDEK, служба экспресс-доставки","Услуги связи -> Почта | Грузоперевозки / Транспортные услуги -> Авиагрузоперевозки, Городские автогрузоперевозки, Междугородные автогрузоперевозки, Международные грузоперевозки, Экспресс-почта",2
18500756,https://investmoscow.ru/tenders/tender/18500756,baseline,04.02.2022 17:00,2025-09,1334,medium,"Podnimi.net, интернет-магазин | Podnimi",Оборудование для сферы услуг -> Оборудование для автосервиса,2
18502367,https://investmoscow.ru/tenders/tender/18502367,baseline,18.01.2022 10:00,2025-09,1351,medium,"Black Service, шиномонтажная мастерская",Автосервис -> Шиномонтаж,1
18502521,https://investmoscow.ru/tenders/tender/18502521,baseline,04.02.2022 17:00,2025-09,1334,medium,"Мастихин, школа искусств",Художественные изделия / материалы -> Художественные мастерские,1
18504954,https://investmoscow.ru/tenders/tender/18504954,baseline,24.01.2022 17:00,2025-09,1345,medium,"Wildberries, пункт выдачи интернет-заказов",Грузоперевозки / Транспортные услуги -> Пункты выдачи интернет-заказов,1
18507063,https://investmoscow.ru/tenders/tender/18507063,baseline,24.01.2022 17:00,2025-09,1345,medium,"Московский печатный двор, полиграфический центр | Дом портретов, художественная мастерская","Издательское дело / Полиграфия -> Копировальные услуги, Оперативная полиграфия, Офсетная печать, Полиграфия, Широкоформатная печать | Художественные изделия / материалы -> Художественные мастерские",3
18509795,https://investmoscow.ru/tenders/tender/18509795,baseline,09.02.2022 17:00,2025-09,1329,medium,"Wildberries, пункт выдачи интернет-заказов",Грузоперевозки / Транспортные услуги -> Пункты выдачи интернет-заказов,1
18514560,https://investmoscow.ru/tenders/tender/18514560,baseline,09.02.2022 17:00,2025-09,1329,medium,"Магнит, супермаркет | Expe Comp, компьютерный магазин","Спецмагазины, Торговые комплексы -> Доставка продуктов, Супермаркеты | Компьютеры -> Компьютеры / Комплектующие",2
18518658,https://investmoscow.ru/tenders/tender/18518658,baseline,20.01.2022 10:00,2025-09,1349,medium,"Институт психологии и психосоматической терапии | Pf Grado, компания | Кабинет психолога Казакова Е.А.","Дополнительное образование / Развивающие курсы, Медицинские услуги -> Личностные тренинги, Профессиональная переподготовка / Повышение квалификации, Психолог, Психотерапевт | Культура / Искусство -> Реставрация памятников истории и культуры | Медицинские услуги -> Психолог, Психотерапевт",3
18524209,https://investmoscow.ru/tenders/tender/18524209,baseline,03.02.2022 10:00,2025-09,1335,medium,"Начальная школа | Мега склад, управляющая компания",Общее образование / Центры раннего развития детей -> Школы | Грузоперевозки / Транспортные услуги -> Склады индивидуального хранения,2
18526293,https://investmoscow.ru/tenders/tender/18526293,baseline,11.02.2022 17:00,2025-09,1327,medium,"Московский центр переводов | Нотариусы Гимкаева Н.И. и Далиева Л.П. | KDL, медицинская лаборатория",Дополнительное образование / Развивающие курсы -> Перевод с иностранных языков | Юридические услуги -> Нотариусы | Медицинские услуги -> Медицинские анализы,3
18527060,https://investmoscow.ru/tenders/tender/18527060,baseline,11.02.2022 17:00,2025-09,1327,medium,"А-Лина, стоматологическая клиника",Медицинские услуги -> Частные стоматологии,1
18536444,https://investmoscow.ru/tenders/tender/18536444,baseline,07.02.2022 17:00,2025-09,1331,medium,"Романов переулок, 7",,1
18539227,https://investmoscow.ru/tenders/tender/18539227,baseline,03.03.2022 17:00,2025-09,1307,medium,"МВ, журнал | Обедин и партнеры, юридическая фирма | Мв, галерея","СМИ -> Журналы | Юридические услуги -> Ведение дел в судах, Патентные услуги, Регистрация / ликвидация предприятий, Юридические услуги | Архитектура / Проектирование / Дизайн, Культура / Искусство -> Архитектурное проектирование, Дизайн интерьеров, Художественные выставки",3
18540036,https://investmoscow.ru/tenders/tender/18540036,baseline,03.03.2022 17:00,2025-09,1307,medium,"Трудяга, магазин хозтоваров","Инструмент, Отделочные материалы, Садово-хозяйственные товары, Сантехническое оборудование, Строительные материалы / конструкции, Электротехника -> Бытовая химия, Герметики / Клеи, Замки / Скобяные изделия, Измерительный инструмент, Комплектующие для дверей, Крепёж, Лаки / Краски, Малярный инструмент, Оборудование для очистки воды, Посуда, Садовый инвентарь, Сантехника, Светотехника, Слесарно-монтажный инструмент, Стройматериалы, Сухие строительные смеси, Хозтовары, Элементы питания",1
18543665,https://investmoscow.ru/tenders/tender/18543665,baseline,24.03.2022 17:00,2025-09,1286,medium,"Пчёлки, студия красоты","Красота / Здоровье -> Ногтевые студии, Парикмахерские",1
18545175,https://investmoscow.ru/tenders/tender/18545175,baseline,23.03.2022 17:00,2025-09,1287,medium,"Иварт авто, интернет-магазин","Автотовары -> Автомобильные аккумуляторы, Автохимия, Запчасти для грузовых автомобилей, Запчасти для иномарок, Запчасти для отечественных автомобилей",1
18549667,https://investmoscow.ru/tenders/tender/18549667,baseline,30.03.2022 17:00,2025-09,1280,medium,"Геоматика, научно-производственная компания",,1
18554131,https://investmoscow.ru/tenders/tender/18554131,baseline,01.04.2022 17:00,2025-09,1278,medium,"Экспресс-Реклама | Красота-это ты! | Dasha_lash.es, студия наращивания ресниц","Спецмагазины -> Сувениры | Красота / Здоровье -> Ногтевые студии, Услуги по оформлению ресниц / бровей | Красота / Здоровье -> Услуги по оформлению ресниц / бровей",3
18566413,https://investmoscow.ru/tenders/tender/18566413,baseline,28.04.2022 10:00,2025-09,1251,medium,"Магнит, супермаркет | Expe Comp, компьютерный магазин","Спецмагазины, Торговые комплексы -> Доставка продуктов, Супермаркеты | Компьютеры -> Компьютеры / Комплектующие",2
18569607,https://investmoscow.ru/tenders/tender/18569607,baseline,28.04.2022 17:00,2025-09,1251,medium,"Самокат, служба доставки | Ноокен , магазин быстрого питания","Общественное питание, Спецмагазины -> Дарксторы, Доставка еды, Доставка продуктов | Общественное питание -> Быстрое питание",2
18579518,https://investmoscow.ru/tenders/tender/18579518,baseline,26.05.2022 17:00,2025-09,1223,medium,"Ma and Mi, студия красоты | Annurclothes, магазин женской одежды","Красота / Здоровье -> Ногтевые студии, Парикмахерские, Услуги по оформлению ресниц / бровей | Одежда / Аксессуары -> Женская одежда",2
18582871,https://investmoscow.ru/tenders/tender/18582871,baseline,25.05.2022 17:00,2025-09,1224,medium,"Ozon, пункт выдачи товара | Богородскмебель+, компания | Складно, компания","Грузоперевозки / Транспортные услуги -> Пункты выдачи интернет-заказов | Мебель -> Корпусная мебель, Металлическая мебель | Бытовые услуги, Грузоперевозки / Транспортные услуги -> Камеры хранения багажа, Склады индивидуального хранения",3
18583796,https://investmoscow.ru/tenders/tender/18583796,baseline,31.05.2022 10:00,2025-09,1218,medium,"КуулКлевер Мясновъ Отдохни, магазин №101 | Додо Пицца, сеть пиццерий","Напитки, Продукты питания -> Алкогольные напитки, Колбасные изделия, Молочные продукты, Мясо / Полуфабрикаты, Хлебобулочные изделия | Общественное питание -> Быстрое питание, Доставка еды, Пиццерии",2
18585452,https://investmoscow.ru/tenders/tender/18585452,baseline,19.05.2022 17:00,2025-09,1230,medium,"Ароматный мир, винный супермаркет","Напитки, Продукты питания -> Алкогольные напитки, Продуктовые магазины",1
18585454,https://investmoscow.ru/tenders/tender/18585454,baseline,19.05.2022 17:00,2025-09,1230,medium,"Ароматный мир, винный супермаркет","Напитки, Продукты питания -> Алкогольные напитки, Продуктовые магазины",1
18595195,https://investmoscow.ru/tenders/tender/18595195,baseline,02.06.2022 17:00,2025-09,1216,medium,"Личность, центр досуга | Хан, хостел","Центры творчества и досуга -> Детские / подростковые клубы, Культурно-досуговые центры для взрослых | Туризм / Отдых -> Хостелы",3
18608682,https://investmoscow.ru/tenders/tender/18608682,baseline,23.06.2022 17:00,2025-09,1195,medium,"Фортуна, автошкола | Пилигрим , центр развития",Дополнительное образование / Развивающие курсы -> Автошколы | Общее образование / Центры раннего развития детей -> Центры раннего развития детей,2
18609421,https://investmoscow.ru/tenders/tender/18609421,baseline,23.06.2022 17:00,2025-09,1195,medium,"As, центр красоты | All4jewels","Красота / Здоровье, Одежда / Аксессуары -> Бижутерия, Косметолог, Ногтевые студии, Парикмахерские, Перманентный макияж, Студии загара, Услуги по оформлению ресниц / бровей | Спецмагазины -> Товары для творчества",2
18634004,https://investmoscow.ru/tenders/tender/18634004,baseline,03.08.2022 17:00,2025-09,1154,medium,"Гефест-Аларм | Уютный, хостел","Охрана / Безопасность -> Монтаж охранно-пожарных систем, Охранные системы | Туризм / Отдых -> Общежития для рабочих, Хостелы",2
18636273,https://investmoscow.ru/tenders/tender/18636273,baseline,02.08.2022 10:00,2025-09,1155,medium,"Каролайн, компания по проведению квестов",Услуги по организации праздников / досуга -> Квесты,2
18647495,https://investmoscow.ru/tenders/tender/18647495,baseline,05.08.2022 17:00,2025-09,1152,medium,"Wildberries, пункт выдачи товара",Грузоперевозки / Транспортные услуги -> Пункты выдачи интернет-заказов,1
18650394,https://investmoscow.ru/tenders/tender/18650394,baseline,08.08.2022 17:00,2025-09,1149,medium,"Xsize, студия СПА и массажа",Красота / Здоровье -> Массажист,1
18651343,https://investmoscow.ru/tenders/tender/18651343,baseline,10.08.2022 17:00,2025-09,1147,medium,"Красное&Белое, продуктовый магазин","Напитки, Продукты питания -> Алкогольные напитки, Продуктовые магазины",1
18652655,https://investmoscow.ru/tenders/tender/18652655,baseline,11.08.2022 17:00,2025-09,1146,medium,"Philasia SPA, СПА-салон","Красота / Здоровье -> SPA-процедуры, Массажист",3
18657182,https://investmoscow.ru/tenders/tender/18657182,baseline,19.08.2022 17:00,2025-09,1138,medium,"ПреАмбула, детский медицинский центр | Автокурс, автолицей","Медицинские услуги -> Аллерголог / иммунолог, Вакцинация, Гастроэнтеролог, Дерматолог, Детские врачи, Кардиолог, ЛОР (отоларинголог), Медицинская диагностика, Медицинские комиссии, Невролог, Нефролог, Офтальмолог, Психолог, Пульмонолог, Травматолог-ортопед, Уролог, Физиотерапевт, Хирург, Эндокринолог | Медицинские услуги -> Частные детские стоматологии, Частные стоматологии | Дополнительное образование / Развивающие курсы -> Автошколы",3
18667603,https://investmoscow.ru/tenders/tender/18667603,baseline,23.09.2022 17:00,2025-09,1103,medium,"Чижик, супермаркет",Торговые комплексы -> Супермаркеты,1
18688680,https://investmoscow.ru/tenders/tender/18688680,baseline,19.09.2022 17:00,2025-09,1107,medium,"Party Dog, студия груминга | Icbt, международная школа бизнес тренеров","Товары / услуги для животных -> Зоогостиницы, Зоотовары, Уход за животными | Работа / Карьера -> Бизнес-тренинги",3
18689653,https://investmoscow.ru/tenders/tender/18689653,baseline,13.09.2022 10:00,2025-09,1113,medium,"Фармленд, аптека | Вкусно как дома, кафе | Магнит Маркет, пункт выдачи заказов","Медицинские товары -> Аптеки, БАДы | Общественное питание -> Быстрое питание | Грузоперевозки / Транспортные услуги -> Пункты выдачи интернет-заказов",3
18691665,https://investmoscow.ru/tenders/tender/18691665,baseline,20.09.2022 10:00,2025-09,1106,medium,"Складно, компания","Грузоперевозки / Транспортные услуги -> Складское хранение, Склады индивидуального хранения",1
18692222,https://investmoscow.ru/tenders/tender/18692222,baseline,21.09.2022 17:00,2025-09,1105,medium,"Cosmetology , кабинет косметолога | Массаж и всё, студия",Красота / Здоровье -> Косметолог | Красота / Здоровье -> Массажист,2
18700222,https://investmoscow.ru/tenders/tender/18700222,baseline,26.09.2022 17:00,2025-09,1100,medium,"Первым делом, минимаркет | RHotel4, отель | TPO&EPDM, компания",Торговые комплексы -> Супермаркеты | Туризм / Отдых -> Гостиницы | Строительные материалы / конструкции -> Гидроизоляционные материалы,3
18701614,https://investmoscow.ru/tenders/tender/18701614,baseline,26.09.2022 17:00,2025-09,1100,medium,"Ресурсный центр для инвалидов, пункт выдачи технических средств реабилитации | Московский городской центр реабилитации, филиал Западный",Социальные учреждения -> Социальные службы | Медицинские учреждения -> Реабилитационные центры,2
18730637,https://investmoscow.ru/tenders/tender/18730637,baseline,28.10.2022 17:00,2025-09,1068,medium,"DM nails, студия маникюра",Красота / Здоровье -> Ногтевые студии,1
18747267,https://investmoscow.ru/tenders/tender/18747267,baseline,28.10.2022 17:00,2025-09,1068,medium,"Мираторг, супермаркет | Складно, компания","Торговые комплексы -> Супермаркеты | Автосервис, Бытовые услуги, Грузоперевозки / Транспортные услуги -> Камеры хранения багажа, Складское хранение, Склады индивидуального хранения, Хранение шин",2
18753108,https://investmoscow.ru/tenders/tender/18753108,baseline,18.11.2022 17:00,2025-09,1047,medium,"Louve, магазин женской одежды | Сорса, торговый дом",Одежда / Аксессуары -> Женская одежда | Книги / Канцелярия -> Канцтовары,2
18754570,https://investmoscow.ru/tenders/tender/18754570,baseline,09.11.2022 17:00,2025-09,1056,medium,"The Dar Store, компания | Метода Pivot Point, академия парикмахерского искусства","Садово-хозяйственные товары, Спецмагазины -> Посуда, Сувениры | Дополнительное образование / Развивающие курсы -> Обучение мастеров для салонов красоты",2
18778371,https://investmoscow.ru/tenders/tender/18778371,baseline,14.12.2022 17:00,2025-09,1021,medium,"Красное&Белое, продуктовый магазин","Напитки, Продукты питания -> Алкогольные напитки, Продуктовые магазины",1
18779649,https://investmoscow.ru/tenders/tender/18779649,baseline,16.12.2022 17:00,2025-09,1019,medium,Бытмебель,Бизнес-услуги -> Бухгалтерские услуги,2
18779876,https://investmoscow.ru/tenders/tender/18779876,baseline,16.12.2022 17:00,2025-09,1019,medium,"Рекламные очки, торговая компания | Ozon","Наружная реклама, Рекламные услуги -> Нанесение изображений на сувениры, Размещение наружной рекламы, Реклама в СМИ | Грузоперевозки / Транспортные услуги -> Пункты выдачи интернет-заказов",2
18780018,https://investmoscow.ru/tenders/tender/18780018,baseline,16.12.2022 17:00,2025-09,1019,medium,"Ароматный мир, винный супермаркет | Винлаб, супермаркет напитков | Lamoda, пункт примерки и выдачи заказов","Напитки, Продукты питания -> Алкогольные напитки, Продуктовые магазины | Грузоперевозки / Транспортные услуги -> Пункты выдачи интернет-заказов",3
18783696,https://investmoscow.ru/tenders/tender/18783696,baseline,01.12.2022 17:00,2025-09,1034,medium,"Ozon fresh, служба доставки продуктов | Ozon | Wildberries, пункт выдачи интернет-заказов",Спецмагазины -> Дарксторы | Грузоперевозки / Транспортные услуги -> Пункты выдачи интернет-заказов,3
18783744,https://investmoscow.ru/tenders/tender/18783744,baseline,02.12.2022 17:00,2025-09,1033,medium,Неодром,Медицинские товары -> Медицинское оборудование,1
18783759,https://investmoscow.ru/tenders/tender/18783759,baseline,01.12.2022 17:00,2025-09,1034,medium,"Стоматология Семейных Скидок, клиника | Freshdom, магазин","Медицинские услуги -> Частные стоматологии | Отделочные материалы, Предметы интерьера / экстерьера, Текстиль -> Карнизы, Обои, Портьерные ткани / Шторы",2
18785021,https://investmoscow.ru/tenders/tender/18785021,baseline,01.12.2022 17:00,2025-09,1034,medium,Институт практической нейропсихологии и нейрореабилитации | Центр практической нейропсихологии,"Дополнительное образование / Развивающие курсы -> Профессиональная переподготовка / Повышение квалификации | Медицинские услуги -> Нейропсихолог, Психолог",2
18788662,https://investmoscow.ru/tenders/tender/18788662,baseline,02.12.2022 17:00,2025-09,1033,medium,"Столички, аптека","Медицинские товары -> Аптеки, БАДы, Медицинские приборы",1
18788666,https://investmoscow.ru/tenders/tender/18788666,baseline,02.12.2022 17:00,2025-09,1033,medium,"Столички, аптека","Медицинские товары -> Аптеки, БАДы, Медицинские приборы",1
18790743,https://investmoscow.ru/tenders/tender/18790743,baseline,12.12.2022 17:00,2025-09,1023,medium,"Ozon | Авито, пункт выдачи заказов",Грузоперевозки / Транспортные услуги -> Пункты выдачи интернет-заказов,2
18791125,https://investmoscow.ru/tenders/tender/18791125,baseline,12.12.2022 17:00,2025-09,1023,medium,"Иол Медикал, компания | Пиво есть!, магазин пива","Медицинские товары -> Медицинские расходные материалы, Медицинское оборудование | Напитки, Продукты питания -> Разливное пиво, Снеки",2
18791706,https://investmoscow.ru/tenders/tender/18791706,baseline,08.12.2022 17:00,2025-09,1027,medium,"Brand Service | Складно, компания | Ozon","Обувь -> Ремонт обуви / кожгалантереи | Автосервис, Бытовые услуги, Грузоперевозки / Транспортные услуги -> Камеры хранения багажа, Складское хранение, Склады индивидуального хранения, Хранение шин | Грузоперевозки / Транспортные услуги -> Пункты выдачи интернет-заказов",3
18792003,https://investmoscow.ru/tenders/tender/18792003,baseline,08.12.2022 17:00,2025-09,1027,medium,"Красное&Белое, продуктовый магазин","Напитки, Продукты питания -> Алкогольные напитки, Продуктовые магазины",1
18797178,https://investmoscow.ru/tenders/tender/18797178,baseline,09.12.2022 17:00,2025-09,1026,medium,"Ozon fresh, служба доставки продуктов",Спецмагазины -> Дарксторы,3
18803323,https://investmoscow.ru/tenders/tender/18803323,baseline,16.12.2022 17:00,2025-09,1019,medium,"Ventus aqua, зоомагазин | Рокитсофт, компания","Товары / услуги для животных -> Аквариумы, Зоотовары | Средства автоматизации и информационные технологии -> Программное обеспечение, Разработка программного обеспечения",2
18805470,https://investmoscow.ru/tenders/tender/18805470,baseline,19.12.2022 17:00,2025-09,1016,medium,Неодром,Медицинские товары -> Медицинское оборудование,1
18809811,https://investmoscow.ru/tenders/tender/18809811,baseline,22.12.2022 17:00,2025-09,1013,medium,"София, эконом-парикмахерская | Ozon","Красота / Здоровье -> Ногтевые студии, Парикмахерские, Услуги по оформлению ресниц / бровей | Грузоперевозки / Транспортные услуги -> Пункты выдачи интернет-заказов",2
18814084,https://investmoscow.ru/tenders/tender/18814084,baseline,20.12.2022 10:00,2025-09,1015,medium,"улица Машкова, 21 | Gog, кофейня","Напитки, Общественное питание, Продукты питания -> Кондитерские изделия, Кофейни, Продажа кофе",2
18816523,https://investmoscow.ru/tenders/tender/18816523,baseline,23.12.2022 17:00,2025-09,1012,medium,"Centr-Estet, стоматологическая клиника | Образ, изостудия | Manki Manik, салон красоты","Медицинские услуги -> Частные стоматологии | Дополнительное образование / Развивающие курсы -> Курсы творчества и рукоделия для взрослых | Красота / Здоровье -> Ногтевые студии, Услуги по оформлению ресниц / бровей",3
18816969,https://investmoscow.ru/tenders/tender/18816969,baseline,23.12.2022 17:00,2025-09,1012,medium,"Wildberries, пункт выдачи интернет-заказов | Не просто вещь, пункт приема одежды",Грузоперевозки / Транспортные услуги -> Пункты выдачи интернет-заказов | Бытовые услуги -> Пункты приёма,2
18818446,https://investmoscow.ru/tenders/tender/18818446,baseline,23.12.2022 17:00,2025-09,1012,medium,"Klim, ателье | Key beauty","Ателье -> Швейные ателье | Красота / Здоровье -> Ногтевые студии, Парикмахерские",2
18819479,https://investmoscow.ru/tenders/tender/18819479,baseline,23.12.2022 17:00,2025-09,1012,medium,"Ozon | Авито, пункт выдачи заказов",Грузоперевозки / Транспортные услуги -> Пункты выдачи интернет-заказов,2
18819857,https://investmoscow.ru/tenders/tender/18819857,baseline,23.12.2022 17:00,2025-09,1012,medium,Ozon | Центр дерматологии и подологии,"Грузоперевозки / Транспортные услуги -> Пункты выдачи интернет-заказов | Медицинские услуги -> Дерматолог, Миколог, Подолог",3
18596549,https://investmoscow.ru/tenders/tender/18596549,baseline,02.03.2023 17:00,2025-09,943,medium,"Ремонтная мастерская | Бай донер, магазин фастфуда | Чижик, супермаркет","Бытовые услуги, Инструмент, Обувь -> Заточка режущих инструментов, Изготовление ключей, Ремонт зонтов, Ремонт обуви / кожгалантереи | Общественное питание -> Быстрое питание | Торговые комплексы -> Супермаркеты",3
18829611,https://investmoscow.ru/tenders/tender/18829611,baseline,20.01.2023 17:00,2025-09,984,medium,"Цыпа Donner | Wildberries, пункт выдачи интернет-заказов",Общественное питание -> Быстрое питание | Грузоперевозки / Транспортные услуги -> Пункты выдачи интернет-заказов,2
18833006,https://investmoscow.ru/tenders/tender/18833006,baseline,20.01.2023 17:00,2025-09,984,medium,"Qlean, пункт приёма химчистки | Просто портной, ателье","Бытовые услуги -> Прачечные, Химчистки одежды / текстиля | Ателье, Бытовые услуги, Одежда / Аксессуары -> Мастерские по ремонту одежды, Меховые / кожаные ателье, Трикотажные изделия, Швейные ателье",2
18849466,https://investmoscow.ru/tenders/tender/18849466,baseline,09.02.2023 17:00,2025-09,964,medium,"Qwestern, компания по организации квестов",Услуги по организации праздников / досуга -> Квесты,1
18856198,https://investmoscow.ru/tenders/tender/18856198,baseline,09.02.2023 17:00,2025-09,964,medium,"Виктория-2000, средняя школа | Альфа Код, студия робототехники","Общее образование / Центры раннего развития детей -> Школы | Дополнительное образование / Развивающие курсы, Центры творчества и досуга -> Детские / подростковые клубы, Компьютерные курсы, Курсы робототехники",2
18884886,https://investmoscow.ru/tenders/tender/18884886,baseline,21.02.2023 10:00,2025-09,952,medium,"Династия, стоматологическая клиника | Волми-М, продуктовый магазин | Фармленд, аптека","Медицинские услуги -> Частные стоматологии | Продукты питания -> Продуктовые магазины | Медицинские товары -> Аптеки, БАДы, Медицинские приборы, Ортопедические товары, Средства гигиены",3
18884953,https://investmoscow.ru/tenders/tender/18884953,baseline,21.02.2023 10:00,2025-09,952,medium,"Нотариусы Потемкина В.Д. и Потемкина Ю.А. | Bronzeglow, солярий",Юридические услуги -> Нотариусы | Красота / Здоровье -> Студии загара,3
18885556,https://investmoscow.ru/tenders/tender/18885556,baseline,21.02.2023 10:00,2025-09,952,medium,"Хот Хэд Тату, тату-салон | Титул XXI век, компания",Красота / Здоровье -> Тату-салоны | Недвижимость -> Аренда помещений,3
18888261,https://investmoscow.ru/tenders/tender/18888261,baseline,28.02.2023 10:00,2025-09,945,medium,"Ozon | Яндекс Маркет, пункт выдачи интернет-заказов | Qlean, пункт приёма химчистки","Грузоперевозки / Транспортные услуги -> Пункты выдачи интернет-заказов | Бытовые услуги, Уборка / Обработка помещений -> Клининг, Прачечные, Химчистки одежды / текстиля",3
18907838,https://investmoscow.ru/tenders/tender/18907838,baseline,13.03.2023 17:00,2025-09,932,medium,"Eurospar Express, мини-маркет | Диагностический центр лабораторных исследований Департамента здравоохранения г. Москвы","Спецмагазины, Торговые комплексы -> Доставка продуктов, Супермаркеты | Медицинские услуги -> Медицинские анализы",2
18908605,https://investmoscow.ru/tenders/tender/18908605,baseline,15.03.2023 17:00,2025-09,930,medium,"Solo fiori, онлайн магазин цветов | Точка Дзена, студия массажа","Грузоперевозки / Транспортные услуги, Спецмагазины -> Доставка цветов, Пункты выдачи интернет-заказов | Красота / Здоровье -> Массажист",2
18908729,https://investmoscow.ru/tenders/tender/18908729,baseline,15.03.2023 17:00,2025-09,930,medium,"CityMed, медицинский центр | CDEK, служба экспресс-доставки | Adaptogenzz, пункт выдачи заказов","Медицинские услуги -> Медицинские анализы, Частные стоматологии | Грузоперевозки / Транспортные услуги -> Авиагрузоперевозки, Городские автогрузоперевозки, Междугородные автогрузоперевозки, Международные грузоперевозки, Экспресс-почта | Медицинские товары -> БАДы",3
18908928,https://investmoscow.ru/tenders/tender/18908928,baseline,15.03.2023 17:00,2025-09,930,medium,"Wildberries, пункт выдачи интернет-заказов | Русоль, соляная пещера для тела, разума и души","Грузоперевозки / Транспортные услуги -> Пункты выдачи интернет-заказов | Красота / Здоровье, Места отдыха / Развлекательные заведения -> Детские игровые залы, Соляные комнаты",2
18909405,https://investmoscow.ru/tenders/tender/18909405,baseline,16.03.2023 17:00,2025-09,929,medium,"Сиртекс-дизайн, оптовая компания | Красное&Белое, продуктовый магазин | Хочу Маникюр, ногтевая студия","Текстиль -> Портьерные ткани / Шторы, Швейная фурнитура | Напитки, Продукты питания -> Алкогольные напитки, Продуктовые магазины | Красота / Здоровье -> Ногтевые студии",3
18911448,https://investmoscow.ru/tenders/tender/18911448,baseline,20.03.2023 17:00,2025-09,925,medium,"Party Dog, студия груминга | Icbt, международная школа бизнес тренеров","Товары / услуги для животных -> Зоогостиницы, Зоотовары, Уход за животными | Работа / Карьера -> Бизнес-тренинги",3
18911644,https://investmoscow.ru/tenders/tender/18911644,baseline,20.03.2023 17:00,2025-09,925,medium,"Бастион, частная охранная организация",Охрана / Безопасность -> Услуги охраны,3
18912335,https://investmoscow.ru/tenders/tender/18912335,baseline,20.03.2023 17:00,2025-09,925,medium,"Viart, салон красоты | Московский городской центр дезинфекции, филиал Северно-Западного административного округа №1","Красота / Здоровье -> Ногтевые студии, Парикмахерские, Перманентный макияж, Услуги по оформлению ресниц / бровей, Эпиляция | Уборка / Обработка помещений -> Дезинфекция / Дератизация / Дезинсекция",2
18912801,https://investmoscow.ru/tenders/tender/18912801,baseline,20.03.2023 17:00,2025-09,925,medium,"Wildberries, пункт выдачи интернет-заказов | Авито, пункт выдачи заказов",Грузоперевозки / Транспортные услуги -> Пункты выдачи интернет-заказов,2
18965006,https://investmoscow.ru/tenders/tender/18965006,baseline,24.04.2023 17:00,2025-09,890,medium,"Wildberries, пункт выдачи товара | Не просто вещь, пункт приема одежды",Грузоперевозки / Транспортные услуги -> Пункты выдачи интернет-заказов | Бытовые услуги -> Пункты приёма,2
18971875,https://investmoscow.ru/tenders/tender/18971875,baseline,28.04.2023 17:00,2025-09,886,medium,"Сценка, театр-студия | Библиотека №188",Услуги по организации праздников / досуга -> Творческие коллективы | Культура / Искусство -> Библиотеки,3
18977911,https://investmoscow.ru/tenders/tender/18977911,baseline,28.04.2023 17:00,2025-09,886,medium,"Est.Epil White, студия красоты","Красота / Здоровье -> Массажист, Эпиляция",3
19007577,https://investmoscow.ru/tenders/tender/19007577,baseline,23.05.2023 17:00,2025-09,861,medium,"Cosmetic Dent, стоматологическая клиника | Piggy place, антикафе",Медицинские услуги -> Частные стоматологии | Места отдыха / Развлекательные заведения -> Антикафе,3
19009937,https://investmoscow.ru/tenders/tender/19009937,baseline,22.05.2023 17:00,2025-09,862,medium,"ХуаХун-Русь, торговая компания | Принто","Автотранспорт, Промышленное оборудование, Химия / Вторсырьё -> Металлообрабатывающее оборудование, Спецтехника, Утилизация отходов / Переработка вторсырья | Автотовары, Медицинские товары -> БАДы, Запчасти для иномарок",2
19019970,https://investmoscow.ru/tenders/tender/19019970,baseline,24.05.2023 17:00,2025-09,860,low,"Винлаб, супермаркет напитков","Напитки, Продукты питания -> Алкогольные напитки, Продуктовые магазины",1
19068435,https://investmoscow.ru/tenders/tender/19068435,baseline,16.06.2023 17:00,2025-09,837,medium,Delivery play,"Компьютеры, Медицинские товары, Мультимедийное / презентационное оборудование, Спортивные товары -> Кинооборудование, Прокат компьютеров, Прокат мультимедийного оборудования, Прокат спортивного инвентаря / техники, Товары для реабилитации",1
19073740,https://investmoscow.ru/tenders/tender/19073740,baseline,23.06.2023 17:00,2025-09,830,medium,"Beauty club, косметологическая клиника","Красота / Здоровье, Медицинские услуги -> Гинеколог, Косметолог, Массажист, Медицинские анализы, Эпиляция",2
19075311,https://investmoscow.ru/tenders/tender/19075311,baseline,21.06.2023 10:00,2025-09,832,medium,"Красное&Белое, продуктовый магазин","Напитки, Продукты питания -> Алкогольные напитки, Продуктовые магазины",1
19075324,https://investmoscow.ru/tenders/tender/19075324,baseline,21.06.2023 10:00,2025-09,832,medium,"Проффинансбизнес, холдинговая группа | Кабинет массажиста-реабилитолога | Квант, лофт-пространство",Бизнес-услуги -> Бухгалтерские услуги | Красота / Здоровье -> Массажист | Недвижимость -> Аренда лофтов,3
19075361,https://investmoscow.ru/tenders/tender/19075361,baseline,21.06.2023 10:00,2025-09,832,medium,"CityMed, медицинский центр | CDEK, служба экспресс-доставки | Adaptogenzz, пункт выдачи заказов","Медицинские услуги -> Медицинские анализы, Частные стоматологии | Грузоперевозки / Транспортные услуги -> Авиагрузоперевозки, Городские автогрузоперевозки, Междугородные автогрузоперевозки, Международные грузоперевозки, Экспресс-почта | Медицинские товары -> БАДы",3
19076806,https://investmoscow.ru/tenders/tender/19076806,baseline,27.06.2023 17:00,2025-09,826,medium,Востряковская баня,Места отдыха / Развлекательные заведения -> Бани / Сауны,1
19096189,https://investmoscow.ru/tenders/tender/19096189,baseline,05.07.2023 17:00,2025-09,818,medium,"Lilu nails, маникюрная студия | Ozon","Красота / Здоровье -> Ногтевые студии, Услуги по оформлению ресниц / бровей, Эпиляция | Грузоперевозки / Транспортные услуги -> Пункты выдачи интернет-заказов",3
19099633,https://investmoscow.ru/tenders/tender/19099633,baseline,05.07.2023 17:00,2025-09,818,medium,"2-й Кожевнический переулок, 10/11",,1
19110958,https://investmoscow.ru/tenders/tender/19110958,baseline,17.07.2023 17:00,2025-09,806,low,"Марс, подразделение дошкольного образования | Центр ремонта и пошива обуви | Мебельная фабрика Зов, салоны кухонь","Общее образование / Центры раннего развития детей -> Детские сады | Бытовые услуги, Инструмент, Обувь -> Заточка режущих инструментов, Изготовление ключей, Ремонт обуви / кожгалантереи, Ремонт чемоданов, Химчистки обуви | Мебель -> Корпусная мебель, Мебель для кухни, Мебель на заказ",3
19111202,https://investmoscow.ru/tenders/tender/19111202,baseline,12.07.2023 17:00,2025-09,811,medium,"Русская ювелирная мастерская | Barberdog, груминг-салон","Дополнительное образование / Развивающие курсы, Спецмагазины -> Обучение рабочим профессиям, Ювелирные мастерские | Товары / услуги для животных -> Уход за животными",3
19119207,https://investmoscow.ru/tenders/tender/19119207,baseline,17.07.2023 17:00,2025-09,806,medium,"1С:Бухобслуживание, ассоциация независимых специалистов","Бизнес-услуги, Средства автоматизации и информационные технологии -> Автоматизация бизнес-процессов, Автоматизация торговли, Бухгалтерские программы, Бухгалтерские услуги",2
19120972,https://investmoscow.ru/tenders/tender/19120972,baseline,18.07.2023 10:00,2025-09,805,medium,"Октава, агентство недвижимости",Недвижимость -> Агентства недвижимости,1
19129051,https://investmoscow.ru/tenders/tender/19129051,baseline,19.07.2023 17:00,2025-09,804,medium,"Амоз, стоматологический центр",Медицинские услуги -> Частные стоматологии,1
19147845,https://investmoscow.ru/tenders/tender/19147845,baseline,02.08.2023 17:00,2025-09,790,medium,"Pioner Bookstore, книжный магазин","Книги / Канцелярия -> Календари / Открытки, Книги",1
19148395,https://investmoscow.ru/tenders/tender/19148395,baseline,09.08.2023 17:00,2025-09,783,medium,"SpringTime, ногтевая студия",Красота / Здоровье -> Ногтевые студии,1
19148816,https://investmoscow.ru/tenders/tender/19148816,baseline,09.08.2023 17:00,2025-09,783,medium,"Bambini Loft, пространство для детских праздников | Чистый лист","Места отдыха / Развлекательные заведения, Услуги по организации праздников / досуга -> Аренда детских лофтов, Организация праздников | Юридические услуги -> Помощь в банкротстве физических лиц, Юридические услуги",2
19151137,https://investmoscow.ru/tenders/tender/19151137,baseline,04.08.2023 17:00,2025-09,788,medium,"Хот Хэд Тату, тату-салон | Титул XXI век, компания",Красота / Здоровье -> Тату-салоны | Недвижимость -> Аренда помещений,3
19193743,https://investmoscow.ru/tenders/tender/19193743,baseline,01.09.2023 17:00,2025-09,760,medium,"Ригла, аптека | Ак Барс Банк | Красное&Белое, продуктовый магазин","Медицинские товары -> Аптеки, БАДы, Доставка лекарств, Средства гигиены | Банковские / финансовые услуги -> Банки, Ипотечные кредиты, Обмен валюты | Напитки, Продукты питания -> Алкогольные напитки, Продуктовые магазины",3
19195240,https://investmoscow.ru/tenders/tender/19195240,baseline,05.09.2023 17:00,2025-09,756,medium,"Автохомут | Домбровицкий и партнеры, коллегия адвокатов | Анвс, компания","Отделочные материалы -> Крепёж | Юридические услуги -> Ведение дел в судах, Услуги адвоката, Юридические услуги | Охрана / Безопасность, Строительные / монтажные работы -> Огнезащитная обработка, Охранные системы, Противопожарное оборудование, Экспертиза зданий / сооружений",3
19196406,https://investmoscow.ru/tenders/tender/19196406,baseline,01.09.2023 17:00,2025-09,760,medium,"Фростгрупп, компания","Продукты питания -> Мясо / Полуфабрикаты, Мясо птицы / Полуфабрикаты, Овощи / Фрукты",1
19199131,https://investmoscow.ru/tenders/tender/19199131,baseline,04.09.2023 17:00,2025-09,757,medium,"Мт-Каприз, ателье | Креатиff, салон красоты","Ателье, Бытовые услуги -> Мастерские по ремонту одежды, Меховые / кожаные ателье, Швейные ателье | Красота / Здоровье -> Массажист, Ногтевые студии, Парикмахерские, Услуги по оформлению ресниц / бровей, Эпиляция",3
19223755,https://investmoscow.ru/tenders/tender/19223755,baseline,13.09.2023 17:00,2025-09,748,medium,"ЭкоПросто, контейнер для сбора блистеров от таблеток",Бытовые услуги -> Пункты приёма,1
19225959,https://investmoscow.ru/tenders/tender/19225959,baseline,13.09.2023 17:00,2025-09,748,medium,"Цветы&букеты, оптово-цветочный магазин | G. Point, студия красоты","Спецмагазины, Тара / Упаковка -> Доставка цветов, Подарочная упаковка, Товары для праздников, Услуги по упаковке подарков, Цветы | Красота / Здоровье -> Услуги по оформлению ресниц / бровей, Эпиляция",2
19228388,https://investmoscow.ru/tenders/tender/19228388,baseline,13.09.2023 17:00,2025-09,748,medium,"Фростгрупп, компания","Продукты питания -> Мясо / Полуфабрикаты, Мясо птицы / Полуфабрикаты, Овощи / Фрукты",1
19228520,https://investmoscow.ru/tenders/tender/19228520,baseline,13.09.2023 17:00,2025-09,748,medium,Фирма по ремонту сотовых телефонов,"Средства связи -> Аксессуары к телефонам, Ремонт телефонов",2
19237127,https://investmoscow.ru/tenders/tender/19237127,baseline,22.09.2023 17:00,2025-09,739,medium,"Москино Вымпел, кинотеатр | Галерея вымпел, кофейня | Складно, компания","Места отдыха / Развлекательные заведения -> Кинотеатры | Общественное питание -> Кафе | Грузоперевозки / Транспортные услуги -> Складское хранение, Склады индивидуального хранения",3
19255592,https://investmoscow.ru/tenders/tender/19255592,baseline,27.09.2023 17:00,2025-09,734,medium,"Laguna VIP, клиника косметологии","Красота / Здоровье -> Косметолог, Эпиляция",1
19274929,https://investmoscow.ru/tenders/tender/19274929,baseline,11.10.2023 17:00,2025-09,720,medium,"Dиамант, студия красоты","Красота / Здоровье -> SPA-процедуры, Визажисты, Косметолог, Массажист, Ногтевые студии, Парикмахерские, Услуги по оформлению ресниц / бровей, Эпиляция",1
19276559,https://investmoscow.ru/tenders/tender/19276559,baseline,11.10.2023 17:00,2025-09,720,medium,"Народный архитектор, архитектурная компания | Markin Fine jewellery, художественная мастерская",Архитектура / Проектирование / Дизайн -> Архитектурное проектирование | Спецмагазины -> Ювелирные изделия,3
19293154,https://investmoscow.ru/tenders/tender/19293154,baseline,23.10.2023 17:00,2025-09,708,medium,"Dinora_beauty, студия красоты | L`Cosmo, студия красоты","Красота / Здоровье -> Косметолог, Услуги пирсинга, Услуги по оформлению ресниц / бровей | Красота / Здоровье -> Косметолог, Массажист, Ногтевые студии, Услуги по оформлению ресниц / бровей, Эпиляция",2
19295426,https://investmoscow.ru/tenders/tender/19295426,baseline,25.10.2023 17:00,2025-09,706,medium,"Ozon | Wildberries, пункт выдачи интернет-заказов",Грузоперевозки / Транспортные услуги -> Пункты выдачи интернет-заказов,2
19295595,https://investmoscow.ru/tenders/tender/19295595,baseline,25.10.2023 17:00,2025-09,706,medium,"Геоматика, научно-производственная компания",,1
19296358,https://investmoscow.ru/tenders/tender/19296358,baseline,25.10.2023 17:00,2025-09,706,medium,"Буханка, пекарня | Тайрай, SPA-салон","Общественное питание -> Пекарни | Красота / Здоровье -> SPA-процедуры, Массажист, Тонизирующие салоны",2
19301461,https://investmoscow.ru/tenders/tender/19301461,baseline,30.10.2023 17:00,2025-09,701,medium,Дошкольное отделение,Общее образование / Центры раннего развития детей -> Детские сады,1
19301564,https://investmoscow.ru/tenders/tender/19301564,baseline,30.10.2023 17:00,2025-09,701,medium,"Catharsis Medical Equipment, компания-поставщик косметологического оборудования для салонов красоты | Кабинет мастера татуажа","Красота / Здоровье, Оборудование для сферы услуг -> Оборудование для салонов красоты, Профессиональная косметика | Красота / Здоровье -> Косметолог, Тату-салоны, Услуги по оформлению ресниц / бровей",3
19304192,https://investmoscow.ru/tenders/tender/19304192,baseline,30.10.2023 17:00,2025-09,701,medium,"Пятёрочка, супермаркет | Добрые крышечки, пункт приема мелких партий крышек | Экопросто, пункт приёма батареек","Спецмагазины, Торговые комплексы -> Доставка продуктов, Супермаркеты | Бытовые услуги -> Пункты приёма",3
19332942,https://investmoscow.ru/tenders/tender/19332942,baseline,17.11.2023 17:00,2025-09,683,medium,"Нотариусы Потемкина В.Д. и Потемкина Ю.А. | Bronzeglow, солярий",Юридические услуги -> Нотариусы | Красота / Здоровье -> Студии загара,3
19351283,https://investmoscow.ru/tenders/tender/19351283,baseline,22.11.2023 17:00,2025-09,678,medium,"Место развития, кабинет логопеда","Медицинские услуги -> Логопед, Психолог",1
19358462,https://investmoscow.ru/tenders/tender/19358462,baseline,22.11.2023 17:00,2025-09,678,medium,ReVoice | Интертэк | Кабинет массажа,"Дополнительное образование / Развивающие курсы -> Курсы вокала, Музыкальные курсы | Строительные / монтажные работы, Строительные материалы / конструкции, Строительство зданий / сооружений -> Ремонт зданий, Теплоизоляционные материалы, Экспертиза зданий / сооружений | Красота / Здоровье -> Массажист",3
19359234,https://investmoscow.ru/tenders/tender/19359234,baseline,05.12.2023 10:00,2025-09,665,medium,"Кладовкин, центр хранения вещей","Автосервис, Грузоперевозки / Транспортные услуги -> Складское хранение, Склады индивидуального хранения, Хранение шин",1
19363937,https://investmoscow.ru/tenders/tender/19363937,baseline,24.11.2023 17:00,2025-09,676,medium,"Русская ювелирная мастерская | Barberdog, груминг-салон","Дополнительное образование / Развивающие курсы, Спецмагазины -> Обучение рабочим профессиям, Ювелирные мастерские | Товары / услуги для животных -> Уход за животными",3
19364246,https://investmoscow.ru/tenders/tender/19364246,baseline,27.11.2023 17:00,2025-09,673,medium,"Borodach, барбершоп",Красота / Здоровье -> Барбершопы,1
19394527,https://investmoscow.ru/tenders/tender/19394527,baseline,14.12.2023 17:00,2025-09,656,medium,"Imma, медицинская клиника | Мини-маркет | КосаКраса, студия красоты","Красота / Здоровье, Медицинские услуги, Услуги страхования -> Аллерголог / иммунолог, Гастроэнтеролог, Гинеколог, Дерматолог, Кардиолог, Косметолог, ЛОР (отоларинголог), Мануальный терапевт, Массажист, Медицинская диагностика, Медицинские анализы, Многопрофильные медицинские центры, Невролог, Онколог, Офтальмолог, Проктолог, Процедурный кабинет, Рефлексотерапевт, Страхование, Терапевт, Травматолог-ортопед, Уролог, Физиотерапевт, Флеболог, Хирург, Частные стоматологии, Эндокринолог | Напитки, Торговые комплексы -> Алкогольные напитки, Разливное пиво, Супермаркеты | Дополнительное образование / Развивающие курсы, Красота / Здоровье -> Визажисты, Обучение мастеров для салонов красоты, Парикмахерские",3
19404050,https://investmoscow.ru/tenders/tender/19404050,baseline,21.12.2023 17:00,2025-09,649,medium,"Распутин, отель",Туризм / Отдых -> Гостиницы,1
18805521,https://investmoscow.ru/tenders/tender/18805521,baseline,23.08.2024 17:00,2025-09,403,medium,"Ирком, офис | Даровит-Агро",Товары / услуги для животных -> Сельхозкорма,2
19429720,https://investmoscow.ru/tenders/tender/19429720,baseline,31.01.2024 17:00,2025-09,608,medium,"Est.Epil White, студия красоты","Красота / Здоровье -> Массажист, Эпиляция",3
19444381,https://investmoscow.ru/tenders/tender/19444381,baseline,02.02.2024 17:00,2025-09,606,medium,"Куб рейка, торгово-монтажная компания | Aldox","Отделочные материалы -> Подвесные потолки | Отделочные материалы, Электротехника -> Подвесные потолки, Светотехника",2
19474577,https://investmoscow.ru/tenders/tender/19474577,baseline,28.02.2024 17:00,2025-09,580,medium,"Wildberries, пункт выдачи интернет-заказов",Грузоперевозки / Транспортные услуги -> Пункты выдачи интернет-заказов,1
19474628,https://investmoscow.ru/tenders/tender/19474628,baseline,28.02.2024 17:00,2025-09,580,medium,"Молодечномебель, торговый дом","Мебель, Отделочные материалы -> Бескаркасная мебель, Корпусная мебель, Матрасы, Мебель для кухни, Мебельные магазины, Мягкая мебель, Стекло / Зеркала",3
19478796,https://investmoscow.ru/tenders/tender/19478796,baseline,29.02.2024 17:00,2025-09,579,medium,ReVoice | Интертэк | Кабинет массажа,"Дополнительное образование / Развивающие курсы -> Курсы вокала, Музыкальные курсы | Строительные / монтажные работы, Строительные материалы / конструкции, Строительство зданий / сооружений -> Ремонт зданий, Теплоизоляционные материалы, Экспертиза зданий / сооружений | Красота / Здоровье -> Массажист",3
19479416,https://investmoscow.ru/tenders/tender/19479416,baseline,01.03.2024 17:00,2025-09,578,medium,"Гемотест, медицинская лаборатория | Ozon",Медицинские услуги -> Медицинские анализы | Грузоперевозки / Транспортные услуги -> Пункты выдачи интернет-заказов,3
19481466,https://investmoscow.ru/tenders/tender/19481466,baseline,06.03.2024 17:00,2025-09,573,medium,"ЭкоПросто, контейнер для сбора блистеров от таблеток",Бытовые услуги -> Пункты приёма,1
19499842,https://investmoscow.ru/tenders/tender/19499842,baseline,15.03.2024 17:00,2025-09,564,medium,Дошкольное отделение,Общее образование / Центры раннего развития детей -> Детские сады,1
19514087,https://investmoscow.ru/tenders/tender/19514087,baseline,29.03.2024 17:00,2025-09,550,medium,"Налоговая инспекция №14 | Гермес, автошкола","Органы государственного управления / надзора -> Налоговые инспекции | Дополнительное образование / Развивающие курсы -> Автошколы, Мотошколы",2
19519385,https://investmoscow.ru/tenders/tender/19519385,baseline,04.04.2024 17:00,2025-09,544,medium,"Красное&Белое, продуктовый магазин","Напитки, Продукты питания -> Алкогольные напитки, Продуктовые магазины",1
19521127,https://investmoscow.ru/tenders/tender/19521127,baseline,16.04.2024 17:00,2025-09,532,medium,"Медлайн-сервис, медицинский центр | Evita Store, интернет-магазин","Красота / Здоровье, Медицинские услуги -> Аллерголог / иммунолог, Андролог, Гастроэнтеролог, Гинеколог, Дерматолог, Детские врачи, Инфекционист, Кардиолог, Косметолог, ЛОР (отоларинголог), Маммолог, Мануальный терапевт, Массажист, Медицинская диагностика, Медицинские анализы, Медицинские комиссии, Миколог, Многопрофильные медицинские центры, Невролог, Онколог, Офтальмолог, Пластическая хирургия, Проведение хирургических операций, Проктолог, Психиатр, Ревматолог, Рефлексотерапевт, Терапевт, Травматолог-ортопед, Трихолог, Уролог, Флеболог, Хирург, Частные стоматологии, Эндокринолог | Красота / Здоровье -> Профессиональная косметика",3
19521945,https://investmoscow.ru/tenders/tender/19521945,baseline,09.04.2024 17:00,2025-09,539,medium,"Wildberries, пункт выдачи интернет-заказов",Грузоперевозки / Транспортные услуги -> Пункты выдачи интернет-заказов,1
19531267,https://investmoscow.ru/tenders/tender/19531267,baseline,18.04.2024 17:00,2025-09,530,medium,"Делсер, сервисный центр | Wildberries, пункт выдачи интернет-заказов",Аудио / Видео / Бытовая техника -> Ремонт / установка бытовой техники | Грузоперевозки / Транспортные услуги -> Пункты выдачи интернет-заказов,3
19532877,https://investmoscow.ru/tenders/tender/19532877,baseline,22.05.2024 17:00,2025-09,496,medium,iPodcast,"Рекламные услуги -> Видеосъёмка, Фотостудии",1
19535480,https://investmoscow.ru/tenders/tender/19535480,baseline,26.04.2024 17:00,2025-09,522,medium,"Старая крепость, кафе","Общественное питание -> Доставка еды, Кафе",1
19536744,https://investmoscow.ru/tenders/tender/19536744,baseline,28.05.2024 10:00,2025-09,490,medium,Центр лазерной стоматологии | Китайский центр здоровья,"Медицинские услуги -> Частные стоматологии | Красота / Здоровье, Медицинские услуги -> Альтернативная медицина, Массажист",2
19536748,https://investmoscow.ru/tenders/tender/19536748,baseline,28.06.2024 17:00,2025-09,459,medium,Центр лазерной стоматологии | Китайский центр здоровья,"Медицинские услуги -> Частные стоматологии | Красота / Здоровье, Медицинские услуги -> Альтернативная медицина, Массажист",2
19536751,https://investmoscow.ru/tenders/tender/19536751,baseline,18.12.2024 10:00,2025-09,286,medium,"Мск-сиз, интернет-магазин | Магнит, супермаркет",Грузоперевозки / Транспортные услуги -> Пункты выдачи интернет-заказов | Торговые комплексы -> Супермаркеты,2
19540015,https://investmoscow.ru/tenders/tender/19540015,baseline,24.05.2024 17:00,2025-09,494,medium,Компания по распечатке и продаже картриджей,"Издательское дело / Полиграфия, Оргтехника / Офисная техника -> Копировальные услуги, Оперативная полиграфия, Полиграфия, Расходные материалы для оргтехники, Широкоформатная печать",1
19541892,https://investmoscow.ru/tenders/tender/19541892,baseline,24.05.2024 17:00,2025-09,494,medium,"Autodoc.ru, магазин автозапчастей","Автотовары -> Автоаксессуары, Автохимия, Запчасти для иномарок, Запчасти для отечественных автомобилей",1
19543255,https://investmoscow.ru/tenders/tender/19543255,baseline,24.05.2024 17:00,2025-09,494,medium,"Autodoc.ru, магазин автозапчастей","Автотовары -> Автоаксессуары, Автохимия, Запчасти для иномарок, Запчасти для отечественных автомобилей",1
19544413,https://investmoscow.ru/tenders/tender/19544413,baseline,15.05.2024 17:00,2025-09,503,medium,"Мэднесс, салон красоты | Epilline, студия эпиляции","Красота / Здоровье -> Ногтевые студии, Услуги по оформлению ресниц / бровей | Красота / Здоровье -> Косметолог, Услуги по оформлению ресниц / бровей, Эпиляция",3
19544559,https://investmoscow.ru/tenders/tender/19544559,baseline,16.05.2024 17:00,2025-09,502,medium,"Laser Planet, студия эпиляции",Красота / Здоровье -> Эпиляция,1
19545087,https://investmoscow.ru/tenders/tender/19545087,baseline,15.05.2024 17:00,2025-09,503,medium,Radiant wood,Строительные / монтажные работы -> Деревообработка,2
19548880,https://investmoscow.ru/tenders/tender/19548880,baseline,29.05.2024 17:00,2025-09,489,medium,"Ozon | Авито, пункт выдачи заказов",Грузоперевозки / Транспортные услуги -> Пункты выдачи интернет-заказов,2
19557736,https://investmoscow.ru/tenders/tender/19557736,baseline,29.05.2024 17:00,2025-09,489,medium,"Лесничая и Финогенова, студия дизайна",Архитектура / Проектирование / Дизайн -> Дизайн интерьеров,1
19558528,https://investmoscow.ru/tenders/tender/19558528,baseline,31.05.2024 17:00,2025-09,487,medium,"Выездной сервисный центр по ремонту стиральных машин | Биовет, ветеринарная клиника",Аудио / Видео / Бытовая техника -> Ремонт / установка бытовой техники | Ветеринария -> Ветеринарные клиники,2
19561126,https://investmoscow.ru/tenders/tender/19561126,baseline,19.06.2024 17:00,2025-09,468,medium,"Центр гигиены и эпидемиологии г. Москвы, Отделение санитарной бактериологии микробиологической лаборатории | Тайрай, SPA-салон | Кьюбит Технолоджи","Медицинские учреждения -> Санитарно-эпидемиологические исследования | Красота / Здоровье -> SPA-процедуры, Массажист, Тонизирующие салоны | Интернет -> IT-компании",3
19567381,https://investmoscow.ru/tenders/tender/19567381,baseline,05.06.2024 17:00,2025-09,482,medium,"Epsom pro, интернет-магазин",Медицинские товары -> Средства гигиены,1
19567645,https://investmoscow.ru/tenders/tender/19567645,baseline,05.06.2024 17:00,2025-09,482,medium,Психоневрологический диспансер №18,"Медицинские услуги, Медицинские учреждения -> Диспансеры, Психиатр",2
19569846,https://investmoscow.ru/tenders/tender/19569846,baseline,29.05.2024 17:00,2025-09,489,medium,"Sevaro elit, торгово-производственная компания",Одежда / Аксессуары -> Сумки / Кожгалантерея,1
19570132,https://investmoscow.ru/tenders/tender/19570132,baseline,19.06.2024 17:00,2025-09,468,medium,"Магнит, супермаркет",Торговые комплексы -> Супермаркеты,1
19571722,https://investmoscow.ru/tenders/tender/19571722,baseline,13.06.2024 17:00,2025-09,474,medium,"Atomy, пункт выдачи заказов | CompoDoc | Акварель , издательство","Грузоперевозки / Транспортные услуги -> Пункты выдачи интернет-заказов | Компьютеры -> Компьютеры / Комплектующие, Модернизация компьютеров, Ремонт компьютеров, Системное администрирование | Книги / Канцелярия -> Книги",3
19579965,https://investmoscow.ru/tenders/tender/19579965,baseline,03.07.2024 17:00,2025-09,454,medium,"Магнит, супермаркет",Торговые комплексы -> Супермаркеты,3
19580930,https://investmoscow.ru/tenders/tender/19580930,baseline,05.07.2024 17:00,2025-09,452,medium,"Ion clinic, медицинский центр","Красота / Здоровье, Медицинские услуги -> Андролог, Гастроэнтеролог, Гинеколог, Косметолог, Маммолог, Медицинская диагностика, Медицинские анализы, Многопрофильные медицинские центры, Проктолог, Терапевт, Травматолог-ортопед, Уролог, Флеболог, Хирург, Эндокринолог",2
19587558,https://investmoscow.ru/tenders/tender/19587558,baseline,05.07.2024 10:00,2025-09,452,medium,"Wildberries, пункт выдачи интернет-заказов",Грузоперевозки / Транспортные услуги -> Пункты выдачи интернет-заказов,1
19587561,https://investmoscow.ru/tenders/tender/19587561,baseline,05.07.2024 10:00,2025-09,452,medium,"Wildberries, пункт выдачи интернет-заказов",Грузоперевозки / Транспортные услуги -> Пункты выдачи интернет-заказов,1
19591704,https://investmoscow.ru/tenders/tender/19591704,baseline,19.07.2024 17:00,2025-09,438,medium,"Soda, студия маникюра и красоты | Wildberries, пункт выдачи интернет-заказов","Красота / Здоровье -> Визажисты, Ногтевые студии, Парикмахерские, Услуги по оформлению ресниц / бровей | Грузоперевозки / Транспортные услуги -> Пункты выдачи интернет-заказов",2
19592265,https://investmoscow.ru/tenders/tender/19592265,baseline,19.07.2024 17:00,2025-09,438,medium,"Wowflo, магазин цветов","Спецмагазины, Тара / Упаковка -> Доставка цветов, Подарочная упаковка, Услуги по упаковке подарков, Цветы",1
19592334,https://investmoscow.ru/tenders/tender/19592334,baseline,19.07.2024 17:00,2025-09,438,medium,"Wildberries, пункт выдачи интернет-заказов",Грузоперевозки / Транспортные услуги -> Пункты выдачи интернет-заказов,1
19592411,https://investmoscow.ru/tenders/tender/19592411,baseline,19.07.2024 17:00,2025-09,438,medium,"Лотос, сеть срочных химчисток | Ozon",Бытовые услуги -> Химчистки одежды / текстиля | Грузоперевозки / Транспортные услуги -> Пункты выдачи интернет-заказов,3
19592478,https://investmoscow.ru/tenders/tender/19592478,baseline,19.07.2024 17:00,2025-09,438,medium,"Wildberries, пункт выдачи интернет-заказов",Грузоперевозки / Транспортные услуги -> Пункты выдачи интернет-заказов,1
19592521,https://investmoscow.ru/tenders/tender/19592521,baseline,19.07.2024 17:00,2025-09,438,medium,"Wildberries, пункт выдачи интернет-заказов",Грузоперевозки / Транспортные услуги -> Пункты выдачи интернет-заказов,2
19592722,https://investmoscow.ru/tenders/tender/19592722,baseline,19.07.2024 17:00,2025-09,438,medium,"Терем теремок, центр детского развития | Wildberries, пункт выдачи интернет-заказов | Qlean, пункт приёма химчистки","Дополнительное образование / Развивающие курсы, Медицинские услуги, Центры творчества и досуга -> Детские / подростковые клубы, Логопед, Языковые школы | Грузоперевозки / Транспортные услуги -> Пункты выдачи интернет-заказов | Бытовые услуги, Уборка / Обработка помещений -> Клининг, Прачечные, Химчистки одежды / текстиля",3
19598572,https://investmoscow.ru/tenders/tender/19598572,baseline,24.07.2024 10:00,2025-09,433,medium,"Wildberries, пункт выдачи интернет-заказов",Грузоперевозки / Транспортные услуги -> Пункты выдачи интернет-заказов,1
19599851,https://investmoscow.ru/tenders/tender/19599851,baseline,30.07.2024 17:00,2025-09,427,low,"Винлаб, супермаркет напитков","Напитки, Продукты питания -> Алкогольные напитки, Продуктовые магазины",1
19600317,https://investmoscow.ru/tenders/tender/19600317,baseline,30.07.2024 17:00,2025-09,427,medium,"Бристоль, магазин | Wildberries, пункт выдачи товаров","Напитки, Продукты питания -> Алкогольные напитки, Продуктовые магазины | Грузоперевозки / Транспортные услуги -> Пункты выдачи интернет-заказов",2
19605340,https://investmoscow.ru/tenders/tender/19605340,baseline,19.07.2024 17:00,2025-09,438,medium,"Autodoc.ru, магазин автозапчастей","Автотовары -> Автоаксессуары, Автохимия, Запчасти для иномарок, Запчасти для отечественных автомобилей",1
19606635,https://investmoscow.ru/tenders/tender/19606635,baseline,14.08.2024 10:00,2025-09,412,medium,"Wildberries, пункт выдачи интернет-заказов",Грузоперевозки / Транспортные услуги -> Пункты выдачи интернет-заказов,1
19606652,https://investmoscow.ru/tenders/tender/19606652,baseline,14.08.2024 10:00,2025-09,412,medium,"Wildberries, пункт выдачи интернет-заказов",Грузоперевозки / Транспортные услуги -> Пункты выдачи интернет-заказов,1
19607651,https://investmoscow.ru/tenders/tender/19607651,baseline,18.07.2024 17:00,2025-09,439,medium,"Место развития, кабинет логопеда","Медицинские услуги -> Логопед, Психолог",1
19611746,https://investmoscow.ru/tenders/tender/19611746,baseline,13.08.2024 17:00,2025-09,413,medium,"Московское долголетие, центр московского долголетия и молодости | PёsDuke Grooming, груминг-салон",Центры творчества и досуга -> Культурно-досуговые центры для взрослых | Товары / услуги для животных -> Уход за животными,2
19611750,https://investmoscow.ru/tenders/tender/19611750,baseline,13.08.2024 17:00,2025-09,413,medium,"Московское долголетие, центр московского долголетия и молодости | PёsDuke Grooming, груминг-салон",Центры творчества и досуга -> Культурно-досуговые центры для взрослых | Товары / услуги для животных -> Уход за животными,2
19618725,https://investmoscow.ru/tenders/tender/19618725,baseline,05.08.2024 17:00,2025-09,421,medium,"Оремтех, сервисный центр",Аудио / Видео / Бытовая техника -> Ремонт / установка бытовой техники,1
19621770,https://investmoscow.ru/tenders/tender/19621770,baseline,09.08.2024 17:00,2025-09,417,medium,"Wildberries, пункт выдачи интернет-заказов | Ozon | Qlean, пункт приёма химчистки","Грузоперевозки / Транспортные услуги -> Пункты выдачи интернет-заказов | Бытовые услуги, Уборка / Обработка помещений -> Клининг, Прачечные, Химчистки одежды / текстиля",3
19621846,https://investmoscow.ru/tenders/tender/19621846,baseline,07.08.2024 17:00,2025-09,419,medium,"У Веры, салон красоты | Сервис-центр кондиционеров","Красота / Здоровье -> Косметолог, Массажист, Ногтевые студии, Парикмахерские, Перманентный макияж, Услуги по оформлению ресниц / бровей, Эпиляция | Климатическое оборудование -> Обслуживание климатического оборудования для помещений",2
19625981,https://investmoscow.ru/tenders/tender/19625981,baseline,20.08.2024 17:00,2025-09,406,medium,Ногтевая студия,Красота / Здоровье -> Ногтевые студии,1
19636177,https://investmoscow.ru/tenders/tender/19636177,baseline,23.08.2024 17:00,2025-09,403,medium,Ozon,Грузоперевозки / Транспортные услуги -> Пункты выдачи интернет-заказов,1
19637472,https://investmoscow.ru/tenders/tender/19637472,baseline,26.08.2024 17:00,2025-09,400,medium,"Wash express, прачечная самообслуживания | Учебно-консультационный пункт по ГО и ЧС",Бытовые услуги -> Прачечные | Аварийные / справочные / экстренные службы -> Управление ГО и ЧС,3
19640750,https://investmoscow.ru/tenders/tender/19640750,baseline,09.09.2024 17:00,2025-09,386,medium,"Барберхаус, барбершоп",Красота / Здоровье -> Барбершопы,1
19640751,https://investmoscow.ru/tenders/tender/19640751,baseline,09.09.2024 17:00,2025-09,386,medium,"Барберхаус, барбершоп",Красота / Здоровье -> Барбершопы,1
19640753,https://investmoscow.ru/tenders/tender/19640753,baseline,09.09.2024 17:00,2025-09,386,medium,"Барберхаус, барбершоп",Красота / Здоровье -> Барбершопы,1
19648925,https://investmoscow.ru/tenders/tender/19648925,baseline,11.09.2024 17:00,2025-09,384,medium,"Netta Klygina, ателье премиум-класса","Ателье, Одежда / Аксессуары -> Женская одежда, Швейные ателье",2
19649501,https://investmoscow.ru/tenders/tender/19649501,baseline,23.10.2024 10:00,2025-09,342,high,"Поляна, гастроном",Торговые комплексы -> Супермаркеты,1
19652927,https://investmoscow.ru/tenders/tender/19652927,baseline,26.09.2024 17:00,2025-09,369,medium,"Винлаб, супермаркет напитков","Напитки, Продукты питания -> Алкогольные напитки, Продуктовые магазины",3
19652929,https://investmoscow.ru/tenders/tender/19652929,baseline,26.09.2024 17:00,2025-09,369,medium,"Винлаб, супермаркет напитков","Напитки, Продукты питания -> Алкогольные напитки, Продуктовые магазины",3
19653930,https://investmoscow.ru/tenders/tender/19653930,baseline,27.09.2024 17:00,2025-09,368,medium,"Wildberries, пункт выдачи интернет-заказов",Грузоперевозки / Транспортные услуги -> Пункты выдачи интернет-заказов,2
19653936,https://investmoscow.ru/tenders/tender/19653936,baseline,27.09.2024 17:00,2025-09,368,medium,"Wildberries, пункт выдачи интернет-заказов",Грузоперевозки / Транспортные услуги -> Пункты выдачи интернет-заказов,2
19667627,https://investmoscow.ru/tenders/tender/19667627,baseline,28.11.2024 10:00,2025-09,306,high,"Поляна, гастроном",Торговые комплексы -> Супермаркеты,1
19667630,https://investmoscow.ru/tenders/tender/19667630,baseline,28.11.2024 10:00,2025-09,306,high,"Поляна, гастроном",Торговые комплексы -> Супермаркеты,1
19677110,https://investmoscow.ru/tenders/tender/19677110,baseline,16.10.2024 17:00,2025-09,349,medium,"Renaissance, юридическая компания | Brandlove, магазин",Юридические услуги -> Регистрация / ликвидация предприятий | Одежда / Аксессуары -> Бижутерия,2
19677523,https://investmoscow.ru/tenders/tender/19677523,baseline,16.10.2024 17:00,2025-09,349,high,Университет Дополнительного Профессионального Образования,Дополнительное образование / Развивающие курсы -> Профессиональная переподготовка / Повышение квалификации,1
19679308,https://investmoscow.ru/tenders/tender/19679308,baseline,29.10.2024 17:00,2025-09,336,high,"Барберхаус, барбершоп",Красота / Здоровье -> Барбершопы,1
19679323,https://investmoscow.ru/tenders/tender/19679323,baseline,29.10.2024 17:00,2025-09,336,medium,"Wildberries, пункт выдачи интернет-заказов",Грузоперевозки / Транспортные услуги -> Пункты выдачи интернет-заказов,1
19679325,https://investmoscow.ru/tenders/tender/19679325,baseline,29.10.2024 17:00,2025-09,336,medium,"Wildberries, пункт выдачи интернет-заказов",Грузоперевозки / Транспортные услуги -> Пункты выдачи интернет-заказов,1
19679394,https://investmoscow.ru/tenders/tender/19679394,baseline,29.10.2024 17:00,2025-09,336,medium,"Wildberries, пункт выдачи интернет-заказов",Грузоперевозки / Транспортные услуги -> Пункты выдачи интернет-заказов,1
19679529,https://investmoscow.ru/tenders/tender/19679529,baseline,29.10.2024 17:00,2025-09,336,high,"Красное&Белое, продуктовый магазин",Напитки -> Алкогольные напитки,1
19679530,https://investmoscow.ru/tenders/tender/19679530,baseline,29.10.2024 17:00,2025-09,336,high,"Wildberries, пункт выдачи интернет-заказов",Грузоперевозки / Транспортные услуги -> Пункты выдачи интернет-заказов,1
19679575,https://investmoscow.ru/tenders/tender/19679575,baseline,29.10.2024 17:00,2025-09,336,medium,Дикси go!,Торговые комплексы -> Супермаркеты,2
19679644,https://investmoscow.ru/tenders/tender/19679644,baseline,30.10.2024 17:00,2025-09,335,medium,"Wildberries, пункт выдачи интернет-заказов | Ozon | Qlean, пункт приёма химчистки","Грузоперевозки / Транспортные услуги -> Пункты выдачи интернет-заказов | Бытовые услуги, Уборка / Обработка помещений -> Клининг, Прачечные, Химчистки одежды / текстиля",3
19681493,https://investmoscow.ru/tenders/tender/19681493,baseline,23.10.2024 17:00,2025-09,342,medium,"Прекрасное далеко, музей советской игрушки",Культура / Искусство -> Музеи,2
19681751,https://investmoscow.ru/tenders/tender/19681751,baseline,31.10.2024 17:00,2025-09,334,medium,Ozon,Грузоперевозки / Транспортные услуги -> Пункты выдачи интернет-заказов,1
19681752,https://investmoscow.ru/tenders/tender/19681752,baseline,31.10.2024 17:00,2025-09,334,medium,Ozon,Грузоперевозки / Транспортные услуги -> Пункты выдачи интернет-заказов,1
19681753,https://investmoscow.ru/tenders/tender/19681753,baseline,31.10.2024 17:00,2025-09,334,medium,Ozon,Грузоперевозки / Транспортные услуги -> Пункты выдачи интернет-заказов,1
19682098,https://investmoscow.ru/tenders/tender/19682098,baseline,11.12.2024 10:00,2025-09,293,high,"Winestyle, магазин алкогольной продукции",Напитки -> Алкогольные напитки,1
19682670,https://investmoscow.ru/tenders/tender/19682670,baseline,23.10.2024 17:00,2025-09,342,medium,"RHotel4, отель | TPO&EPDM, компания",Туризм / Отдых -> Гостиницы | Строительные материалы / конструкции -> Гидроизоляционные материалы,2
19682891,https://investmoscow.ru/tenders/tender/19682891,baseline,23.10.2024 17:00,2025-09,342,high,"Миндаль , студия маникюра","Красота / Здоровье -> Ногтевые студии, Услуги по оформлению ресниц / бровей",1
19688834,https://investmoscow.ru/tenders/tender/19688834,baseline,05.11.2024 17:00,2025-09,329,medium,"Выездной сервисный центр по ремонту стиральных машин | Биовет, ветеринарная клиника",Аудио / Видео / Бытовая техника -> Ремонт / установка бытовой техники | Ветеринария -> Ветеринарные клиники,2
19690755,https://investmoscow.ru/tenders/tender/19690755,baseline,14.11.2024 17:00,2025-09,320,medium,"Wildberries, пункт выдачи интернет-заказов",Грузоперевозки / Транспортные услуги -> Пункты выдачи интернет-заказов,2
19695563,https://investmoscow.ru/tenders/tender/19695563,baseline,15.11.2024 17:00,2025-09,319,high,"Не просто вещь, пункт приема одежды",Бытовые услуги -> Пункты приёма,1
19695985,https://investmoscow.ru/tenders/tender/19695985,baseline,15.11.2024 17:00,2025-09,319,medium,"Viart, салон красоты | Московский городской центр дезинфекции, филиал Северно-Западного административного округа №1","Красота / Здоровье -> Ногтевые студии, Парикмахерские, Перманентный макияж, Услуги по оформлению ресниц / бровей, Эпиляция | Уборка / Обработка помещений -> Дезинфекция / Дератизация / Дезинсекция",2
19696390,https://investmoscow.ru/tenders/tender/19696390,baseline,19.11.2024 17:00,2025-09,315,high,Митино-20,Автотранспорт -> Гаражные кооперативы,1
19706506,https://investmoscow.ru/tenders/tender/19706506,baseline,29.11.2024 17:00,2025-09,305,medium,Roses and lace,Одежда / Аксессуары -> Швейное производство,1
19707925,https://investmoscow.ru/tenders/tender/19707925,baseline,11.12.2024 17:00,2025-09,293,medium,Ozon,Грузоперевозки / Транспортные услуги -> Пункты выдачи интернет-заказов,1
19707926,https://investmoscow.ru/tenders/tender/19707926,baseline,11.12.2024 17:00,2025-09,293,medium,Ozon,Грузоперевозки / Транспортные услуги -> Пункты выдачи интернет-заказов,1
19707927,https://investmoscow.ru/tenders/tender/19707927,baseline,11.12.2024 17:00,2025-09,293,medium,Ozon,Грузоперевозки / Транспортные услуги -> Пункты выдачи интернет-заказов,1
19710186,https://investmoscow.ru/tenders/tender/19710186,baseline,17.12.2024 17:00,2025-09,287,medium,Дикси go!,Торговые комплексы -> Супермаркеты,2
19710843,https://investmoscow.ru/tenders/tender/19710843,baseline,12.12.2024 17:00,2025-09,292,medium,Ozon,Грузоперевозки / Транспортные услуги -> Пункты выдачи интернет-заказов,1
19710857,https://investmoscow.ru/tenders/tender/19710857,baseline,12.12.2024 17:00,2025-09,292,medium,"Московское долголетие, центр московского долголетия и молодости | PёsDuke Grooming, груминг-салон",Центры творчества и досуга -> Культурно-досуговые центры для взрослых | Товары / услуги для животных -> Уход за животными,2
19711669,https://investmoscow.ru/tenders/tender/19711669,baseline,11.12.2024 17:00,2025-09,293,medium,"Нотариус Гемальдинова Д.М. | Контракт-риэлт, агентство недвижимости | Горздрав, аптечный пункт №551","Юридические услуги -> Нотариусы | Недвижимость -> Агентства недвижимости | Медицинские товары -> Аптеки, БАДы, Доставка лекарств, Медицинские приборы, Средства гигиены",3
19718251,https://investmoscow.ru/tenders/tender/19718251,baseline,18.12.2024 17:00,2025-09,286,high,"Demaxo, оптовая компания по поставке химических продуктов для промпереработки стекла",Химия / Вторсырьё -> Промышленная химия,1
19718909,https://investmoscow.ru/tenders/tender/19718909,baseline,18.12.2024 17:00,2025-09,286,medium,SabiLab,"Красота / Здоровье -> Ногтевые студии, Услуги по оформлению ресниц / бровей",1
19719162,https://investmoscow.ru/tenders/tender/19719162,baseline,18.12.2024 17:00,2025-09,286,high,"Тот-сервис, сервисный центр",Аудио / Видео / Бытовая техника -> Ремонт / установка бытовой техники,1
19649441,https://investmoscow.ru/tenders/tender/19649441,baseline,23.01.2025 10:00,2025-09,250,medium,Пункт сбора отработанных ртутных ламп,Бытовые услуги -> Пункты приёма,1
19649725,https://investmoscow.ru/tenders/tender/19649725,baseline,19.03.2025 10:00,2025-09,195,low,"Пятёрочка, супермаркет",Торговые комплексы -> Супермаркеты,2
19723015,https://investmoscow.ru/tenders/tender/19723015,baseline,03.02.2025 17:00,2025-09,239,medium,Дикси go!,Торговые комплексы -> Супермаркеты,2
19724449,https://investmoscow.ru/tenders/tender/19724449,baseline,24.01.2025 17:00,2025-09,249,high,"Glory, салон красоты","Красота / Здоровье -> Визажисты, Косметолог, Массажист, Ногтевые студии, Парикмахерские, Перманентный макияж, Услуги по оформлению ресниц / бровей, Эпиляция",1
19724703,https://investmoscow.ru/tenders/tender/19724703,baseline,28.01.2025 17:00,2025-09,245,medium,"СберМобайл, мобильный оператор связи","Услуги связи -> Мобильные операторы, Помощь в подключении услуг связи",2
19726250,https://investmoscow.ru/tenders/tender/19726250,baseline,06.03.2025 10:00,2025-09,208,medium,Китайский центр здоровья,"Красота / Здоровье, Медицинские услуги -> Альтернативная медицина, Массажист",1
19727072,https://investmoscow.ru/tenders/tender/19727072,baseline,06.02.2025 17:00,2025-09,236,high,"Барберхаус, барбершоп",Красота / Здоровье -> Барбершопы,1
19728515,https://investmoscow.ru/tenders/tender/19728515,baseline,11.02.2025 17:00,2025-09,231,medium,"Ozon | Wildberries, пункт выдачи интернет-заказов",Грузоперевозки / Транспортные услуги -> Пункты выдачи интернет-заказов,2
19728516,https://investmoscow.ru/tenders/tender/19728516,baseline,11.02.2025 17:00,2025-09,231,medium,"Ozon | Wildberries, пункт выдачи интернет-заказов",Грузоперевозки / Транспортные услуги -> Пункты выдачи интернет-заказов,2
19728517,https://investmoscow.ru/tenders/tender/19728517,baseline,11.02.2025 17:00,2025-09,231,medium,"Ozon | Wildberries, пункт выдачи интернет-заказов",Грузоперевозки / Транспортные услуги -> Пункты выдачи интернет-заказов,2
19728518,https://investmoscow.ru/tenders/tender/19728518,baseline,11.02.2025 17:00,2025-09,231,medium,"Московское долголетие, центр московского долголетия и молодости | PёsDuke Grooming, груминг-салон",Центры творчества и досуга -> Культурно-досуговые центры для взрослых | Товары / услуги для животных -> Уход за животными,2
19731253,https://investmoscow.ru/tenders/tender/19731253,baseline,29.01.2025 17:00,2025-09,244,medium,"Гурман вкуса, продуктовый магазин",Продукты питания -> Продуктовые магазины,3
19731951,https://investmoscow.ru/tenders/tender/19731951,baseline,29.01.2025 17:00,2025-09,244,high,"Строймастер, магазин сантехники","Инструмент, Отделочные материалы, Сантехническое оборудование, Электротехника -> Лаки / Краски, Сантехника, Слесарно-монтажный инструмент, Электротехника",1
19735421,https://investmoscow.ru/tenders/tender/19735421,baseline,21.03.2025 17:00,2025-09,193,medium,"Магнит, супермаркет",Торговые комплексы -> Супермаркеты,3
19735500,https://investmoscow.ru/tenders/tender/19735500,baseline,21.02.2025 17:00,2025-09,221,medium,Ozon,Грузоперевозки / Транспортные услуги -> Пункты выдачи интернет-заказов,1
19735502,https://investmoscow.ru/tenders/tender/19735502,baseline,21.02.2025 17:00,2025-09,221,medium,Ozon,Грузоперевозки / Транспортные услуги -> Пункты выдачи интернет-заказов,1
19735604,https://investmoscow.ru/tenders/tender/19735604,baseline,27.02.2025 17:00,2025-09,215,high,Ozon,Грузоперевозки / Транспортные услуги -> Пункты выдачи интернет-заказов,1
19735847,https://investmoscow.ru/tenders/tender/19735847,baseline,24.02.2025 17:00,2025-09,218,medium,"Магнит, супермаркет | Горздрав, аптека",Торговые комплексы -> Супермаркеты | Медицинские товары -> Аптеки,2
19736734,https://investmoscow.ru/tenders/tender/19736734,baseline,04.02.2025 17:00,2025-09,238,medium,"Столички, аптека","Медицинские товары -> Аптеки, БАДы, Медицинские приборы, Ортопедические товары, Товары для реабилитации",1
19737097,https://investmoscow.ru/tenders/tender/19737097,baseline,24.02.2025 17:00,2025-09,218,medium,"Wildberries, пункт выдачи интернет-заказов",Грузоперевозки / Транспортные услуги -> Пункты выдачи интернет-заказов,2
19737098,https://investmoscow.ru/tenders/tender/19737098,baseline,24.02.2025 17:00,2025-09,218,medium,"Wildberries, пункт выдачи интернет-заказов",Грузоперевозки / Транспортные услуги -> Пункты выдачи интернет-заказов,2
19737100,https://investmoscow.ru/tenders/tender/19737100,baseline,24.02.2025 17:00,2025-09,218,medium,"Wildberries, пункт выдачи интернет-заказов",Грузоперевозки / Транспортные услуги -> Пункты выдачи интернет-заказов,2
19742510,https://investmoscow.ru/tenders/tender/19742510,baseline,07.03.2025 17:00,2025-09,207,medium,"Московский городской центр дезинфекции, дезинфекционная станция №4 | Мединсайт, клиника | Buta, мини-гостиница","Уборка / Обработка помещений -> Дезинфекция / Дератизация / Дезинсекция | Красота / Здоровье, Медицинские услуги -> Гирудотерапевт, Мануальный терапевт, Массажист, Медицинские анализы, Остеопат | Туризм / Отдых -> Гостиницы",3
19742519,https://investmoscow.ru/tenders/tender/19742519,baseline,13.03.2025 17:00,2025-09,201,high,"Складно, компания","Грузоперевозки / Транспортные услуги -> Складское хранение, Склады индивидуального хранения",1
19743629,https://investmoscow.ru/tenders/tender/19743629,baseline,26.02.2025 17:00,2025-09,216,high,"Omelchenko Gallery, художественная галерея",Культура / Искусство -> Художественные выставки,1
19746754,https://investmoscow.ru/tenders/tender/19746754,baseline,19.03.2025 17:00,2025-09,195,medium,"Ozon | Wildberries, пункт выдачи интернет-заказов",Грузоперевозки / Транспортные услуги -> Пункты выдачи интернет-заказов,2
19748896,https://investmoscow.ru/tenders/tender/19748896,baseline,19.03.2025 17:00,2025-09,195,medium,Ozon | Бутик цветов,Грузоперевозки / Транспортные услуги -> Пункты выдачи интернет-заказов | Спецмагазины -> Цветы,2
19748900,https://investmoscow.ru/tenders/tender/19748900,baseline,19.03.2025 17:00,2025-09,195,medium,"Ozon | Wildberries, пункт выдачи интернет-заказов",Грузоперевозки / Транспортные услуги -> Пункты выдачи интернет-заказов,2
19752317,https://investmoscow.ru/tenders/tender/19752317,baseline,18.03.2025 17:00,2025-09,196,high,"Альба, туристическое агентство",Туризм / Отдых -> Турагентства,1
19753311,https://investmoscow.ru/tenders/tender/19753311,baseline,25.03.2025 17:00,2025-09,189,medium,"Дикси, супермаркет",Торговые комплексы -> Супермаркеты,2
19753355,https://investmoscow.ru/tenders/tender/19753355,baseline,25.03.2025 17:00,2025-09,189,medium,"Wildberries, пункт выдачи интернет-заказов",Грузоперевозки / Транспортные услуги -> Пункты выдачи интернет-заказов,1
19753870,https://investmoscow.ru/tenders/tender/19753870,baseline,19.03.2025 17:00,2025-09,195,high,Адвокат Базель В.С.,"Юридические услуги -> Ведение дел в судах, Услуги адвоката",1
19757060,https://investmoscow.ru/tenders/tender/19757060,baseline,21.03.2025 17:00,2025-09,193,high,Дом быта,"Бытовые услуги, Инструмент, Обувь -> Заточка режущих инструментов, Изготовление ключей, Ремонт обуви / кожгалантереи, Фото на документы",1
19757083,https://investmoscow.ru/tenders/tender/19757083,baseline,21.03.2025 17:00,2025-09,193,medium,"Wildberries, пункт выдачи интернет-заказов",Грузоперевозки / Транспортные услуги -> Пункты выдачи интернет-заказов,1
19758543,https://investmoscow.ru/tenders/tender/19758543,baseline,21.03.2025 17:00,2025-09,193,medium,Охрана Росгвардии,Охрана / Безопасность -> Ведомственная охрана,2
19760381,https://investmoscow.ru/tenders/tender/19760381,baseline,02.04.2025 17:00,2025-09,181,medium,Ozon,Грузоперевозки / Транспортные услуги -> Пункты выдачи интернет-заказов,1
19761296,https://investmoscow.ru/tenders/tender/19761296,baseline,26.03.2025 17:00,2025-09,188,medium,"Ника, фирменный салон ювелирных часов | Центр неврологии и педиатрии","Бытовые услуги, Спецмагазины -> Ремонт часов, Часы / Аксессуары | Медицинские услуги -> Гастроэнтеролог, Детские врачи, Логопед, Невролог, Психиатр",2
19765523,https://investmoscow.ru/tenders/tender/19765523,baseline,02.04.2025 17:00,2025-09,181,high,"Ruszamok, компания по вскрытию и замене замков","Бытовые услуги, Отделочные материалы -> Вскрытие / обслуживание замков, дверей, Замки / Скобяные изделия",1
19865661,https://investmoscow.ru/tenders/tender/19865661,recent_2026_04,14.11.2025 17:00,2026-04,167,high,"Веловорот, мастерская по ремонту велосипедов",Спортивные товары -> Ремонт спортивного инвентаря,1
19876870,https://investmoscow.ru/tenders/tender/19876870,recent_2026_04,10.11.2025 17:00,2026-04,171,medium,"Ozon | Wildberries, пункт выдачи заказов",Грузоперевозки / Транспортные услуги -> Пункты выдачи интернет-заказов,2
19877692,https://investmoscow.ru/tenders/tender/19877692,recent_2026_04,07.11.2025 17:00,2026-04,174,medium,"NailDi, ногтевая студия | Ozon | Aura",Красота / Здоровье -> Ногтевые студии | Грузоперевозки / Транспортные услуги -> Пункты выдачи интернет-заказов | Красота / Здоровье -> Услуги по оформлению ресниц / бровей,3
19878416,https://investmoscow.ru/tenders/tender/19878416,recent_2026_04,07.11.2025 17:00,2026-04,174,high,"Жилищник района Восточное Измайлово, пункт приема батареек",Бытовые услуги -> Пункты приёма,1
19880867,https://investmoscow.ru/tenders/tender/19880867,recent_2026_04,11.11.2025 17:00,2026-04,170,medium,"tattoo-globus, студия | Кабинет логопеда",Красота / Здоровье -> Тату-салоны | Медицинские услуги -> Логопед,2
19885058,https://investmoscow.ru/tenders/tender/19885058,recent_2026_04,18.11.2025 17:00,2026-04,163,medium,"Яндекс Маркет, пункт выдачи заказов",Грузоперевозки / Транспортные услуги -> Пункты выдачи интернет-заказов,1
19885377,https://investmoscow.ru/tenders/tender/19885377,recent_2026_04,18.11.2025 17:00,2026-04,163,medium,"Ozon | Сфера тела, студия эпиляции и массажа","Грузоперевозки / Транспортные услуги -> Пункты выдачи интернет-заказов | Красота / Здоровье -> Косметолог, Массажист, Студии загара, Эпиляция",2
19889114,https://investmoscow.ru/tenders/tender/19889114,recent_2026_04,19.12.2025 17:00,2026-04,132,medium,"Geo Stom, стоматология",Медицинские услуги -> Частные стоматологии,1
19897627,https://investmoscow.ru/tenders/tender/19897627,recent_2026_04,26.11.2025 17:00,2026-04,155,medium,"Dance-AP Coffee, кофейня | Ozon",Общественное питание -> Точки кофе | Грузоперевозки / Транспортные услуги -> Пункты выдачи интернет-заказов,2
19898441,https://investmoscow.ru/tenders/tender/19898441,recent_2026_04,26.11.2025 17:00,2026-04,155,high,"Яндекс Маркет, пункт выдачи заказов",Грузоперевозки / Транспортные услуги -> Пункты выдачи интернет-заказов,1
19907376,https://investmoscow.ru/tenders/tender/19907376,recent_2026_04,03.12.2025 17:00,2026-04,148,high,"Wildberries, пункт выдачи заказов",Грузоперевозки / Транспортные услуги -> Пункты выдачи интернет-заказов,1
19912886,https://investmoscow.ru/tenders/tender/19912886,recent_2026_04,12.12.2025 17:00,2026-04,139,medium,"Яндекс Маркет, пункт выдачи заказов | Не просто вещь, пункт приёма одежды",Грузоперевозки / Транспортные услуги -> Пункты выдачи интернет-заказов | Бытовые услуги -> Пункты приёма,2
19917606,https://investmoscow.ru/tenders/tender/19917606,recent_2026_04,16.12.2025 17:00,2026-04,135,medium,"Ir, ногтевая студия",Красота / Здоровье -> Ногтевые студии,1
19917788,https://investmoscow.ru/tenders/tender/19917788,recent_2026_04,16.12.2025 17:00,2026-04,135,medium,"Wildberries, пункт выдачи заказов | Ozon",Грузоперевозки / Транспортные услуги -> Пункты выдачи интернет-заказов,2
19920371,https://investmoscow.ru/tenders/tender/19920371,recent_2026_04,17.12.2025 17:00,2026-04,134,medium,"Лохматый Кашалот, офис","Спортивные товары -> Подводное снаряжение, Спортивная одежда / обувь, Товары для охоты, Товары для туризма и отдыха",1
19923168,https://investmoscow.ru/tenders/tender/19923168,recent_2026_04,23.12.2025 17:00,2026-04,128,high,"Resort Holiday, туристическое агентство",Туризм / Отдых -> Туроператоры,1
19923263,https://investmoscow.ru/tenders/tender/19923263,recent_2026_04,23.12.2025 17:00,2026-04,128,medium,"Авито, пункт выдачи заказов | Энергетическая улица, 7 | Wildberries, пункт выдачи заказов",Грузоперевозки / Транспортные услуги -> Пункты выдачи интернет-заказов | Туризм / Отдых -> Интересные здания,3
19924698,https://investmoscow.ru/tenders/tender/19924698,recent_2026_04,24.12.2025 17:00,2026-04,127,medium,"Ozon | Wildberries, пункт выдачи заказов",Грузоперевозки / Транспортные услуги -> Пункты выдачи интернет-заказов,2
19943292,https://investmoscow.ru/tenders/tender/19943292,recent_2026_04,28.01.2026 17:00,2026-04,92,medium,"Ск, салон красоты","Красота / Здоровье -> Косметолог, Ногтевые студии, Парикмахерские, Услуги по оформлению ресниц / бровей",1
19943525,https://investmoscow.ru/tenders/tender/19943525,recent_2026_04,28.01.2026 17:00,2026-04,92,medium,"Яндекс Маркет, пункт выдачи заказов",Грузоперевозки / Транспортные услуги -> Пункты выдачи интернет-заказов,1
19944816,https://investmoscow.ru/tenders/tender/19944816,recent_2026_04,22.01.2026 17:00,2026-04,98,medium,Столовая | Ozon,Общественное питание -> Столовые | Грузоперевозки / Транспортные услуги -> Пункты выдачи интернет-заказов,2
19945173,https://investmoscow.ru/tenders/tender/19945173,recent_2026_04,03.02.2026 17:00,2026-04,86,high,"Дентавита, стоматологическая клиника",Медицинские услуги -> Частные стоматологии,1
19945720,https://investmoscow.ru/tenders/tender/19945720,recent_2026_04,28.01.2026 10:00,2026-04,92,medium,"Корн-дог, кафе | Relaxero, банный комплекс | Здравсити, аптека","Общественное питание -> Кафе | Места отдыха / Развлекательные заведения -> Бани / Сауны | Медицинские товары -> Аптеки, Доставка лекарств",3
19946163,https://investmoscow.ru/tenders/tender/19946163,recent_2026_04,28.01.2026 17:00,2026-04,92,medium,"Wildberries, пункт выдачи заказов",Грузоперевозки / Транспортные услуги -> Пункты выдачи интернет-заказов,2
19952051,https://investmoscow.ru/tenders/tender/19952051,recent_2026_04,30.01.2026 17:00,2026-04,90,medium,"Wildberries, пункт выдачи заказов | Ozon",Грузоперевозки / Транспортные услуги -> Пункты выдачи интернет-заказов,2
19955485,https://investmoscow.ru/tenders/tender/19955485,recent_2026_04,03.02.2026 17:00,2026-04,86,high,7 Plus,"Грузоперевозки / Транспортные услуги, Работа / Карьера -> Такси, Центры подключения водителей",1
19960202,https://investmoscow.ru/tenders/tender/19960202,recent_2026_04,04.02.2026 17:00,2026-04,85,medium,"Ozon | Wildberries, пункт выдачи заказов",Грузоперевозки / Транспортные услуги -> Пункты выдачи интернет-заказов,2
19960718,https://investmoscow.ru/tenders/tender/19960718,recent_2026_04,26.02.2026 17:00,2026-04,63,medium,"Яндекс Лавка, служба доставки продуктов","Спецмагазины -> Дарксторы, Доставка продуктов",1
19968280,https://investmoscow.ru/tenders/tender/19968280,recent_2026_04,12.03.2026 17:00,2026-04,49,medium,"Эсперо | Яндекс Маркет, постамат | Авито, пункт выдачи заказов",Юридические услуги -> Юридические услуги | Грузоперевозки / Транспортные услуги -> Пункты выдачи интернет-заказов,3
19968990,https://investmoscow.ru/tenders/tender/19968990,recent_2026_04,10.02.2026 17:00,2026-04,79,medium,"Wildberries, пункт выдачи заказов | Не просто вещь, пункт приёма одежды",Грузоперевозки / Транспортные услуги -> Пункты выдачи интернет-заказов | Бытовые услуги -> Пункты приёма,2
19970150,https://investmoscow.ru/tenders/tender/19970150,recent_2026_04,12.03.2026 17:00,2026-04,49,high,Страховой агент,Услуги страхования -> Страхование,1
19971996,https://investmoscow.ru/tenders/tender/19971996,recent_2026_04,12.03.2026 17:00,2026-04,49,medium,"Ad astra, учебный центр | Akula Visa | Внутривенно.рф",Дополнительное образование / Развивающие курсы -> Профессиональная переподготовка / Повышение квалификации | Туризм / Отдых -> Помощь в оформлении загранпаспортов | Медицинские товары -> БАДы,3
19973273,https://investmoscow.ru/tenders/tender/19973273,recent_2026_04,24.03.2026 17:00,2026-04,37,medium,"Куплю ноутбук, комиссионный магазин | Total Body, студия растяжки","Компьютеры, Спецмагазины, Средства связи -> Комиссионные магазины, Компьютеры / Комплектующие, Мобильные телефоны | Спортивные клубы / школы -> Фитнес-клубы",2
19973506,https://investmoscow.ru/tenders/tender/19973506,recent_2026_04,24.03.2026 17:00,2026-04,37,medium,Мирра Флора | Салон цветов,"Спецмагазины -> Цветы | Книги / Канцелярия, Спецмагазины -> Календари / Открытки, Товары для праздников, Цветы",2
19974411,https://investmoscow.ru/tenders/tender/19974411,recent_2026_04,24.03.2026 17:00,2026-04,37,high,Ozon,Грузоперевозки / Транспортные услуги -> Пункты выдачи интернет-заказов,1
19992759,https://investmoscow.ru/tenders/tender/19992759,recent_2026_04,24.03.2026 17:00,2026-04,37,high,"Duck tex, магазин тканей","Текстиль -> Ткани, Швейная фурнитура",1
