lot_id,status,after_days,after_snapshot,confidence,likely_company,dropped
18500665,added,1334,2025-09,medium,"Почта России, отделение №111399 | CDEK, служба экспресс-доставки",
18500756,added,1334,2025-09,medium,"Podnimi.net, интернет-магазин | Podnimi",
18502367,added,1351,2025-09,medium,"Black Service, шиномонтажная мастерская",
18502433,all_filtered,1351,2025-09,,,"AREA(155m² vs 250-6000): Tory club, детский клуб"
18502521,added,1334,2025-09,medium,"Мастихин, школа искусств",
18504954,added,1345,2025-09,medium,"Wildberries, пункт выдачи интернет-заказов",
18507063,added,1345,2025-09,medium,"Московский печатный двор, полиграфический центр | Дом портретов, художественная мастерская","IMPLAUSIBLE: Мировой судья района Южнопортовый, участок №450 (Правоохранительные органы -> Суды)"
18509795,added,1329,2025-09,medium,"Wildberries, пункт выдачи интернет-заказов",
18514560,added,1329,2025-09,medium,"Магнит, супермаркет | Expe Comp, компьютерный магазин",
18518658,added,1349,2025-09,medium,"Институт психологии и психосоматической терапии | Pf Grado, компания | Кабинет психолога Казакова Е.А.",
18524209,added,1335,2025-09,medium,"Начальная школа | Мега склад, управляющая компания",
18526293,added,1327,2025-09,medium,"Московский центр переводов | Нотариусы Гимкаева Н.И. и Далиева Л.П. | KDL, медицинская лаборатория",
18527060,added,1327,2025-09,medium,"А-Лина, стоматологическая клиника",
18536444,added,1331,2025-09,medium,"Романов переулок, 7",
18539227,added,1307,2025-09,medium,"МВ, журнал | Обедин и партнеры, юридическая фирма | Мв, галерея",
18540036,added,1307,2025-09,medium,"Трудяга, магазин хозтоваров",
18540567,all_filtered,1305,2025-09,,,"IMPLAUSIBLE: Жилищник района Якиманка, ОДС №4, мастерский участок №2 (Жилищно-коммунальные услуги -> Диспетчерские службы)"
18543665,added,1286,2025-09,medium,"Пчёлки, студия красоты",
18545175,added,1287,2025-09,medium,"Иварт авто, интернет-магазин",
18549667,added,1280,2025-09,medium,"Геоматика, научно-производственная компания",
18554131,added,1278,2025-09,medium,"Экспресс-Реклама | Красота-это ты! | Dasha_lash.es, студия наращивания ресниц",
18566413,added,1251,2025-09,medium,"Магнит, супермаркет | Expe Comp, компьютерный магазин",
18569607,added,1251,2025-09,medium,"Самокат, служба доставки | Ноокен , магазин быстрого питания",
18579518,added,1223,2025-09,medium,"Ma and Mi, студия красоты | Annurclothes, магазин женской одежды",
18582871,added,1224,2025-09,medium,"Ozon, пункт выдачи товара | Богородскмебель+, компания | Складно, компания",
18583796,added,1218,2025-09,medium,"КуулКлевер Мясновъ Отдохни, магазин №101 | Додо Пицца, сеть пиццерий",
18585452,added,1230,2025-09,medium,"Ароматный мир, винный супермаркет",
18585454,added,1230,2025-09,medium,"Ароматный мир, винный супермаркет",
18595195,added,1216,2025-09,medium,"Личность, центр досуга | Хан, хостел",IMPLAUSIBLE: ОДС №339 (Жилищно-коммунальные услуги -> Диспетчерские службы)
18608682,added,1195,2025-09,medium,"Фортуна, автошкола | Пилигрим , центр развития",
18609421,added,1195,2025-09,medium,"As, центр красоты | All4jewels",
18634004,added,1154,2025-09,medium,"Гефест-Аларм | Уютный, хостел",
18636273,added,1155,2025-09,medium,"Каролайн, компания по проведению квестов",IMPLAUSIBLE: МСК Инвест Партнеры (Жилищно-коммунальные услуги -> Жилищно-коммунальные услуги)
18647495,added,1152,2025-09,medium,"Wildberries, пункт выдачи товара",
18650394,added,1149,2025-09,medium,"Xsize, студия СПА и массажа",
18651343,added,1147,2025-09,medium,"Красное&Белое, продуктовый магазин",
18652655,added,1146,2025-09,medium,"Philasia SPA, СПА-салон","AREA(26m² vs 250-6000): Останкино, спортивно-досуговый центр || AREA(26m² vs 250-6000): Клуб самбо"
18657182,added,1138,2025-09,medium,"ПреАмбула, детский медицинский центр | Автокурс, автолицей",
18667603,added,1103,2025-09,medium,"Чижик, супермаркет",
18688680,added,1107,2025-09,medium,"Party Dog, студия груминга | Icbt, международная школа бизнес тренеров","IMPLAUSIBLE: Жилищник Пресненского района, ОДС №11 (Жилищно-коммунальные услуги -> Диспетчерские службы)"
18689653,added,1113,2025-09,medium,"Фармленд, аптека | Вкусно как дома, кафе | Магнит Маркет, пункт выдачи заказов",
18691665,added,1106,2025-09,medium,"Складно, компания",
18692222,added,1105,2025-09,medium,"Cosmetology , кабинет косметолога | Массаж и всё, студия",
18700222,added,1100,2025-09,medium,"Первым делом, минимаркет | RHotel4, отель | TPO&EPDM, компания",
18701614,added,1100,2025-09,medium,"Ресурсный центр для инвалидов, пункт выдачи технических средств реабилитации | Московский городской центр реабилитации, филиал Западный",
18730637,added,1068,2025-09,medium,"DM nails, студия маникюра",
18747267,added,1068,2025-09,medium,"Мираторг, супермаркет | Складно, компания",
18753108,added,1047,2025-09,medium,"Louve, магазин женской одежды | Сорса, торговый дом",
18754570,added,1056,2025-09,medium,"The Dar Store, компания | Метода Pivot Point, академия парикмахерского искусства",
18778371,added,1021,2025-09,medium,"Красное&Белое, продуктовый магазин",
18779649,added,1019,2025-09,medium,Бытмебель,"IMPLAUSIBLE: Единая Россия, политическая партия (Общественные / политические организации -> Политические парт)"
18779876,added,1019,2025-09,medium,"Рекламные очки, торговая компания | Ozon",
18780018,added,1019,2025-09,medium,"Ароматный мир, винный супермаркет | Винлаб, супермаркет напитков | Lamoda, пункт примерки и выдачи заказов",
18783696,added,1034,2025-09,medium,"Ozon fresh, служба доставки продуктов | Ozon | Wildberries, пункт выдачи интернет-заказов",
18783744,added,1033,2025-09,medium,Неодром,
18783759,added,1034,2025-09,medium,"Стоматология Семейных Скидок, клиника | Freshdom, магазин",
18784292,all_filtered,1033,2025-09,,,"AREA(241m² vs 250-6000): Showme.Pilates || AREA(241m² vs 250-6000): Академия марафона, беговой клуб"
18785021,added,1034,2025-09,medium,Институт практической нейропсихологии и нейрореабилитации | Центр практической нейропсихологии,
18788662,added,1033,2025-09,medium,"Столички, аптека",
18788666,added,1033,2025-09,medium,"Столички, аптека",
18790743,added,1023,2025-09,medium,"Ozon | Авито, пункт выдачи заказов",
18791125,added,1023,2025-09,medium,"Иол Медикал, компания | Пиво есть!, магазин пива",
18791706,added,1027,2025-09,medium,"Brand Service | Складно, компания | Ozon",
18791902,all_filtered,1027,2025-09,,,"IMPLAUSIBLE: Живая вода, водомат (Напитки -> Питьевая вода)"
18792003,added,1027,2025-09,medium,"Красное&Белое, продуктовый магазин",
18797178,added,1026,2025-09,medium,"Ozon fresh, служба доставки продуктов","AREA(1029m² vs 5-480): Ozon || AREA(1029m² vs 5-480): Wildberries, пункт выдачи интернет-заказов"
18803323,added,1019,2025-09,medium,"Ventus aqua, зоомагазин | Рокитсофт, компания",
18805470,added,1016,2025-09,medium,Неодром,
18809811,added,1013,2025-09,medium,"София, эконом-парикмахерская | Ozon",
18814084,added,1015,2025-09,medium,"улица Машкова, 21 | Gog, кофейня",
18816523,added,1012,2025-09,medium,"Centr-Estet, стоматологическая клиника | Образ, изостудия | Manki Manik, салон красоты",
18816969,added,1012,2025-09,medium,"Wildberries, пункт выдачи интернет-заказов | Не просто вещь, пункт приема одежды",
18818446,added,1012,2025-09,medium,"Klim, ателье | Key beauty",
18819479,added,1012,2025-09,medium,"Ozon | Авито, пункт выдачи заказов",
18819857,added,1012,2025-09,medium,Ozon | Центр дерматологии и подологии,"IMPLAUSIBLE: Совет пенсионеров, ветеранов войны, труда, вооруженных сил и правоохранительных органов, первичная организация №4 (Общественные / политические организации -> Общественные орга)"
18596549,added,943,2025-09,medium,"Ремонтная мастерская | Бай донер, магазин фастфуда | Чижик, супермаркет",
18829611,added,984,2025-09,medium,"Цыпа Donner | Wildberries, пункт выдачи интернет-заказов",
18833006,added,984,2025-09,medium,"Qlean, пункт приёма химчистки | Просто портной, ателье",
18849466,added,964,2025-09,medium,"Qwestern, компания по организации квестов",
18856198,added,964,2025-09,medium,"Виктория-2000, средняя школа | Альфа Код, студия робототехники",
18884886,added,952,2025-09,medium,"Династия, стоматологическая клиника | Волми-М, продуктовый магазин | Фармленд, аптека",
18884953,added,952,2025-09,medium,"Нотариусы Потемкина В.Д. и Потемкина Ю.А. | Bronzeglow, солярий","AREA(120m² vs 250-6000): Casa del ritmo, школа танцев"
18885556,added,952,2025-09,medium,"Хот Хэд Тату, тату-салон | Титул XXI век, компания","AREA(52m² vs 250-6000): Мегавел, торговая компания"
18888261,added,945,2025-09,medium,"Ozon | Яндекс Маркет, пункт выдачи интернет-заказов | Qlean, пункт приёма химчистки",
18907645,all_filtered,938,2025-09,,,"AREA(623m² vs 5-600): Аптечество, аптечный пункт"
18907838,added,932,2025-09,medium,"Eurospar Express, мини-маркет | Диагностический центр лабораторных исследований Департамента здравоохранения г. Москвы",
18908605,added,930,2025-09,medium,"Solo fiori, онлайн магазин цветов | Точка Дзена, студия массажа",
18908729,added,930,2025-09,medium,"CityMed, медицинский центр | CDEK, служба экспресс-доставки | Adaptogenzz, пункт выдачи заказов",
18908928,added,930,2025-09,medium,"Wildberries, пункт выдачи интернет-заказов | Русоль, соляная пещера для тела, разума и души",
18909405,added,929,2025-09,medium,"Сиртекс-дизайн, оптовая компания | Красное&Белое, продуктовый магазин | Хочу Маникюр, ногтевая студия",
18911448,added,925,2025-09,medium,"Party Dog, студия груминга | Icbt, международная школа бизнес тренеров","IMPLAUSIBLE: Жилищник Пресненского района, ОДС №11 (Жилищно-коммунальные услуги -> Диспетчерские службы)"
18911644,added,925,2025-09,medium,"Бастион, частная охранная организация","IMPLAUSIBLE: Совет ветеранов войны, труда и Вооруженных Сил, первичная организация №3, №8 (Общественные / политические организации -> Общественные орга) || IMPLAUSIBLE: Жилищник Пресненского района, ОДС №3 (Жилищно-коммунальные услуги -> Диспетчерские службы)"
18912335,added,925,2025-09,medium,"Viart, салон красоты | Московский городской центр дезинфекции, филиал Северно-Западного административного округа №1",
18912801,added,925,2025-09,medium,"Wildberries, пункт выдачи интернет-заказов | Авито, пункт выдачи заказов",
18933650,all_filtered,904,2025-09,,,"AREA(235m² vs 5-160): PureSpa, СПА-салон"
18965006,added,890,2025-09,medium,"Wildberries, пункт выдачи товара | Не просто вещь, пункт приема одежды",
18971875,added,886,2025-09,medium,"Сценка, театр-студия | Библиотека №188","IMPLAUSIBLE: Cainiao, постамат (Бытовые услуги -> Постаматы)"
18977911,added,886,2025-09,medium,"Est.Epil White, студия красоты","IMPLAUSIBLE: ОДС №6 (Жилищно-коммунальные услуги -> Диспетчерские службы) || IMPLAUSIBLE: Бери заряд!, станция зарядки телефонов (Средства связи -> Станции зарядки телефонов)"
19007577,added,861,2025-09,medium,"Cosmetic Dent, стоматологическая клиника | Piggy place, антикафе","IMPLAUSIBLE: Совет пенсионеров, ветеранов войны, труда, Вооруженных Сил и правоохранительных органов (Общественные / политические организации -> Общественные орга)"
19009937,added,862,2025-09,medium,"ХуаХун-Русь, торговая компания | Принто",
19019970,added,860,2025-09,low,"Винлаб, супермаркет напитков",
19068435,added,837,2025-09,medium,Delivery play,
19073740,added,830,2025-09,medium,"Beauty club, косметологическая клиника","IMPLAUSIBLE: Жилищник района Марьина Роща, ОДС №1 (Жилищно-коммунальные услуги -> Диспетчерские службы)"
19075311,added,832,2025-09,medium,"Красное&Белое, продуктовый магазин",
19075324,added,832,2025-09,medium,"Проффинансбизнес, холдинговая группа | Кабинет массажиста-реабилитолога | Квант, лофт-пространство",
19075361,added,832,2025-09,medium,"CityMed, медицинский центр | CDEK, служба экспресс-доставки | Adaptogenzz, пункт выдачи заказов",
19076806,added,826,2025-09,medium,Востряковская баня,
19096189,added,818,2025-09,medium,"Lilu nails, маникюрная студия | Ozon","IMPLAUSIBLE: СберЛогистика, постамат (Бытовые услуги -> Постаматы)"
19099633,added,818,2025-09,medium,"2-й Кожевнический переулок, 10/11",
19110958,added,806,2025-09,low,"Марс, подразделение дошкольного образования | Центр ремонта и пошива обуви | Мебельная фабрика Зов, салоны кухонь",
19111202,added,811,2025-09,medium,"Русская ювелирная мастерская | Barberdog, груминг-салон","AREA(145m² vs 250-6000): L. A. B Space, сеть студий растяжки, йоги и фитнеса"
19119207,added,806,2025-09,medium,"1С:Бухобслуживание, ассоциация независимых специалистов","IMPLAUSIBLE: Жилищник района Ясенево, ДДС №10 (Жилищно-коммунальные услуги -> Диспетчерские службы)"
19120972,added,805,2025-09,medium,"Октава, агентство недвижимости",
19129051,added,804,2025-09,medium,"Амоз, стоматологический центр",
19147845,added,790,2025-09,medium,"Pioner Bookstore, книжный магазин",
19148395,added,783,2025-09,medium,"SpringTime, ногтевая студия",
19148816,added,783,2025-09,medium,"Bambini Loft, пространство для детских праздников | Чистый лист",
19151137,added,788,2025-09,medium,"Хот Хэд Тату, тату-салон | Титул XXI век, компания","AREA(128m² vs 250-6000): Мегавел, торговая компания"
19190374,all_filtered,764,2025-09,,,"IMPLAUSIBLE: Жилищник района Бирюлёво Восточное, ОДС №43 (Жилищно-коммунальные услуги -> Диспетчерские службы)"
19193743,added,760,2025-09,medium,"Ригла, аптека | Ак Барс Банк | Красное&Белое, продуктовый магазин",
19195240,added,756,2025-09,medium,"Автохомут | Домбровицкий и партнеры, коллегия адвокатов | Анвс, компания",
19196406,added,760,2025-09,medium,"Фростгрупп, компания",
19199131,added,757,2025-09,medium,"Мт-Каприз, ателье | Креатиff, салон красоты",AREA(68m² vs 250-6000): Меркаба
19223755,added,748,2025-09,medium,"ЭкоПросто, контейнер для сбора блистеров от таблеток",
19225959,added,748,2025-09,medium,"Цветы&букеты, оптово-цветочный магазин | G. Point, студия красоты",
19227646,all_filtered,748,2025-09,,,"AREA(160m² vs 250-6000): Интеллектуальное развитие, досуговый центр || AREA(160m² vs 250-6000): Am Stretching, студия растяжки"
19228388,added,748,2025-09,medium,"Фростгрупп, компания",
19228520,added,748,2025-09,medium,Фирма по ремонту сотовых телефонов,"IMPLAUSIBLE: Яндекс Маркет, постамат (Бытовые услуги -> Постаматы)"
19237127,added,739,2025-09,medium,"Москино Вымпел, кинотеатр | Галерея вымпел, кофейня | Складно, компания",
19255592,added,734,2025-09,medium,"Laguna VIP, клиника косметологии",
19274929,added,720,2025-09,medium,"Dиамант, студия красоты",
19276559,added,720,2025-09,medium,"Народный архитектор, архитектурная компания | Markin Fine jewellery, художественная мастерская","AREA(54m² vs 250-6000): Дом души, ретритный центр"
19293154,added,708,2025-09,medium,"Dinora_beauty, студия красоты | L`Cosmo, студия красоты",
19295426,added,706,2025-09,medium,"Ozon | Wildberries, пункт выдачи интернет-заказов",
19295595,added,706,2025-09,medium,"Геоматика, научно-производственная компания",
19296358,added,706,2025-09,medium,"Буханка, пекарня | Тайрай, SPA-салон",
19301461,added,701,2025-09,medium,Дошкольное отделение,
19301564,added,701,2025-09,medium,"Catharsis Medical Equipment, компания-поставщик косметологического оборудования для салонов красоты | Кабинет мастера татуажа","IMPLAUSIBLE: Участковый пункт полиции №3, Участковый пункт полиции (Правоохранительные органы -> Участковые пункты полиции)"
19304192,added,701,2025-09,medium,"Пятёрочка, супермаркет | Добрые крышечки, пункт приема мелких партий крышек | Экопросто, пункт приёма батареек",
19332942,added,683,2025-09,medium,"Нотариусы Потемкина В.Д. и Потемкина Ю.А. | Bronzeglow, солярий","AREA(37m² vs 250-6000): Casa del ritmo, школа танцев"
19351283,added,678,2025-09,medium,"Место развития, кабинет логопеда",
19358462,added,678,2025-09,medium,ReVoice | Интертэк | Кабинет массажа,
19359234,added,665,2025-09,medium,"Кладовкин, центр хранения вещей",
19363937,added,676,2025-09,medium,"Русская ювелирная мастерская | Barberdog, груминг-салон","AREA(67m² vs 250-6000): L. A. B Space, сеть студий растяжки, йоги и фитнеса"
19364246,added,673,2025-09,medium,"Borodach, барбершоп",
19394527,added,656,2025-09,medium,"Imma, медицинская клиника | Мини-маркет | КосаКраса, студия красоты",
19404050,added,649,2025-09,medium,"Распутин, отель",
18805521,added,403,2025-09,medium,"Ирком, офис | Даровит-Агро",
19429720,added,608,2025-09,medium,"Est.Epil White, студия красоты","IMPLAUSIBLE: ОДС №6 (Жилищно-коммунальные услуги -> Диспетчерские службы) || IMPLAUSIBLE: Бери заряд!, станция зарядки телефонов (Средства связи -> Станции зарядки телефонов)"
19444381,added,606,2025-09,medium,"Куб рейка, торгово-монтажная компания | Aldox",
19474577,added,580,2025-09,medium,"Wildberries, пункт выдачи интернет-заказов",
19474628,added,580,2025-09,medium,"Молодечномебель, торговый дом","AREA(507m² vs 5-480): Ozon || IMPLAUSIBLE: Живая вода, водомат (Напитки -> Питьевая вода)"
19478796,added,579,2025-09,medium,ReVoice | Интертэк | Кабинет массажа,
19479416,added,578,2025-09,medium,"Гемотест, медицинская лаборатория | Ozon",IMPLAUSIBLE: Жилищник района Хамовники (Жилищно-коммунальные услуги -> Жилищно-коммунальные услуги)
19481466,added,573,2025-09,medium,"ЭкоПросто, контейнер для сбора блистеров от таблеток",
19499842,added,564,2025-09,medium,Дошкольное отделение,
19514087,added,550,2025-09,medium,"Налоговая инспекция №14 | Гермес, автошкола",
19519385,added,544,2025-09,medium,"Красное&Белое, продуктовый магазин",
19521127,added,532,2025-09,medium,"Медлайн-сервис, медицинский центр | Evita Store, интернет-магазин",IMPLAUSIBLE: Кофейный автомат (Общественное питание -> Кофейные автоматы)
19521945,added,539,2025-09,medium,"Wildberries, пункт выдачи интернет-заказов",
19531267,added,530,2025-09,medium,"Делсер, сервисный центр | Wildberries, пункт выдачи интернет-заказов",IMPLAUSIBLE: Эксплуатирующая организация (Жилищно-коммунальные услуги -> Жилищно-коммунальные услуги)
19532877,added,496,2025-09,medium,iPodcast,
19535480,added,522,2025-09,medium,"Старая крепость, кафе",
19536744,added,490,2025-09,medium,Центр лазерной стоматологии | Китайский центр здоровья,
19536748,added,459,2025-09,medium,Центр лазерной стоматологии | Китайский центр здоровья,
19540015,added,494,2025-09,medium,Компания по распечатке и продаже картриджей,
19541892,added,494,2025-09,medium,"Autodoc.ru, магазин автозапчастей",
19543255,added,494,2025-09,medium,"Autodoc.ru, магазин автозапчастей",
19544413,added,503,2025-09,medium,"Мэднесс, салон красоты | Epilline, студия эпиляции","IMPLAUSIBLE: Обитель Милосердия, благотворительный фонд (Общественные / политические организации -> Благотворительные)"
19544559,added,502,2025-09,medium,"Laser Planet, студия эпиляции",
19545087,added,503,2025-09,medium,Radiant wood,"IMPLAUSIBLE: Участок №18, Участковый пункт полиции (Правоохранительные органы -> Участковые пункты полиции)"
19548880,added,489,2025-09,medium,"Ozon | Авито, пункт выдачи заказов",
19557736,added,489,2025-09,medium,"Лесничая и Финогенова, студия дизайна",
19558528,added,487,2025-09,medium,"Выездной сервисный центр по ремонту стиральных машин | Биовет, ветеринарная клиника",
19561126,added,468,2025-09,medium,"Центр гигиены и эпидемиологии г. Москвы, Отделение санитарной бактериологии микробиологической лаборатории | Тайрай, SPA-салон | Кьюбит Технолоджи",
19567381,added,482,2025-09,medium,"Epsom pro, интернет-магазин",
19567645,added,482,2025-09,medium,Психоневрологический диспансер №18,"IMPLAUSIBLE: Uvenco, кофейный автомат (Напитки, Общественное питание, Продукты питания -> Безалкого)"
19569846,added,489,2025-09,medium,"Sevaro elit, торгово-производственная компания",
19570132,added,468,2025-09,medium,"Магнит, супермаркет",
19571722,added,474,2025-09,medium,"Atomy, пункт выдачи заказов | CompoDoc | Акварель , издательство",
19579965,added,454,2025-09,medium,"Магнит, супермаркет","IMPLAUSIBLE: Почта России, почтомат (Бытовые услуги -> Постаматы) || IMPLAUSIBLE: Мировые судьи Рязанского района, участок мирового судьи №447 (Правоохранительные органы -> Суды)"
19580930,added,452,2025-09,medium,"Ion clinic, медицинский центр","IMPLAUSIBLE: Бери заряд!, станция зарядки телефонов (Средства связи -> Станции зарядки телефонов)"
19587558,added,452,2025-09,medium,"Wildberries, пункт выдачи интернет-заказов",
19587561,added,452,2025-09,medium,"Wildberries, пункт выдачи интернет-заказов",
19591651,all_filtered,438,2025-09,,,IMPLAUSIBLE: Центр информирования по переселению (Аварийные / справочные / экстренные службы -> Справочные)
19591704,added,438,2025-09,medium,"Soda, студия маникюра и красоты | Wildberries, пункт выдачи интернет-заказов",
19592265,added,438,2025-09,medium,"Wowflo, магазин цветов",
19592334,added,438,2025-09,medium,"Wildberries, пункт выдачи интернет-заказов",
19592411,added,438,2025-09,medium,"Лотос, сеть срочных химчисток | Ozon","IMPLAUSIBLE: Яндекс Маркет, постамат (Бытовые услуги -> Постаматы)"
19592478,added,438,2025-09,medium,"Wildberries, пункт выдачи интернет-заказов",
19592521,added,438,2025-09,medium,"Wildberries, пункт выдачи интернет-заказов","IMPLAUSIBLE: Chargex, станция зарядки телефонов (Средства связи -> Станции зарядки телефонов)"
19592722,added,438,2025-09,medium,"Терем теремок, центр детского развития | Wildberries, пункт выдачи интернет-заказов | Qlean, пункт приёма химчистки",
19598572,added,433,2025-09,medium,"Wildberries, пункт выдачи интернет-заказов",
19599851,added,427,2025-09,low,"Винлаб, супермаркет напитков",
19600317,added,427,2025-09,medium,"Бристоль, магазин | Wildberries, пункт выдачи товаров",
19605340,added,438,2025-09,medium,"Autodoc.ru, магазин автозапчастей",
19606635,added,412,2025-09,medium,"Wildberries, пункт выдачи интернет-заказов",
19606652,added,412,2025-09,medium,"Wildberries, пункт выдачи интернет-заказов",
19607651,added,439,2025-09,medium,"Место развития, кабинет логопеда",
19611743,all_filtered,413,2025-09,,,IMPLAUSIBLE: Центр информирования по переселению (Аварийные / справочные / экстренные службы -> Справочные)
19611746,added,413,2025-09,medium,"Московское долголетие, центр московского долголетия и молодости | PёsDuke Grooming, груминг-салон",
19611750,added,413,2025-09,medium,"Московское долголетие, центр московского долголетия и молодости | PёsDuke Grooming, груминг-салон",
19618725,added,421,2025-09,medium,"Оремтех, сервисный центр",
19621770,added,417,2025-09,medium,"Wildberries, пункт выдачи интернет-заказов | Ozon | Qlean, пункт приёма химчистки",
19621846,added,419,2025-09,medium,"У Веры, салон красоты | Сервис-центр кондиционеров",
19625981,added,406,2025-09,medium,Ногтевая студия,
19636177,added,403,2025-09,medium,Ozon,
19637472,added,400,2025-09,medium,"Wash express, прачечная самообслуживания | Учебно-консультационный пункт по ГО и ЧС","IMPLAUSIBLE: Жилищник района Беговой, ОДС №44 (Жилищно-коммунальные услуги -> Жилищно-коммунальные услуги)"
19640747,all_filtered,389,2025-09,,,"IMPLAUSIBLE: Московский, постамат (Бытовые услуги -> Постаматы)"
19640749,all_filtered,389,2025-09,,,"IMPLAUSIBLE: Московский, постамат (Бытовые услуги -> Постаматы)"
19640750,added,386,2025-09,medium,"Барберхаус, барбершоп",
19640751,added,386,2025-09,medium,"Барберхаус, барбершоп",
19640753,added,386,2025-09,medium,"Барберхаус, барбершоп",
19648925,added,384,2025-09,medium,"Netta Klygina, ателье премиум-класса","AREA(63m² vs 250-6000): Ichi, боксерский клуб"
19649501,added,342,2025-09,high,"Поляна, гастроном",
19652927,added,369,2025-09,medium,"Винлаб, супермаркет напитков","IMPLAUSIBLE: Жилищник района Академический, ОДС №350 (Жилищно-коммунальные услуги -> Диспетчерские службы) || IMPLAUSIBLE: Центр информирования по переселению (Аварийные / справочные / экстренные службы -> Справочные)"
19652929,added,369,2025-09,medium,"Винлаб, супермаркет напитков","IMPLAUSIBLE: Жилищник района Академический, ОДС №350 (Жилищно-коммунальные услуги -> Диспетчерские службы) || IMPLAUSIBLE: Центр информирования по переселению (Аварийные / справочные / экстренные службы -> Справочные)"
19653930,added,368,2025-09,medium,"Wildberries, пункт выдачи интернет-заказов","AREA(198m² vs 250-6000): Третье колесо, компания по ремонту персонального электротранспорта"
19653936,added,368,2025-09,medium,"Wildberries, пункт выдачи интернет-заказов","IMPLAUSIBLE: Жилищник района Западное Дегунино, ОДС №3198 (Жилищно-коммунальные услуги -> Диспетчерские службы)"
19667627,added,306,2025-09,high,"Поляна, гастроном",
19667630,added,306,2025-09,high,"Поляна, гастроном",
19679310,all_filtered,336,2025-09,,,IMPLAUSIBLE: Центр информирования по переселению (Аварийные / справочные / экстренные службы -> Справочные)
19679320,all_filtered,336,2025-09,,,IMPLAUSIBLE: Центр информирования по переселению (Аварийные / справочные / экстренные службы -> Справочные)
19695985,added,319,2025-09,medium,"Viart, салон красоты | Московский городской центр дезинфекции, филиал Северно-Западного административного округа №1",
19707897,all_filtered,293,2025-09,,,IMPLAUSIBLE: Центр информирования по переселению (Аварийные / справочные / экстренные службы -> Справочные)
19707898,all_filtered,293,2025-09,,,IMPLAUSIBLE: Центр информирования по переселению (Аварийные / справочные / экстренные службы -> Справочные)
19707899,all_filtered,293,2025-09,,,IMPLAUSIBLE: Центр информирования по переселению (Аварийные / справочные / экстренные службы -> Справочные)
19711669,added,293,2025-09,medium,"Нотариус Гемальдинова Д.М. | Контракт-риэлт, агентство недвижимости | Горздрав, аптечный пункт №551",
19718251,added,286,2025-09,high,"Demaxo, оптовая компания по поставке химических продуктов для промпереработки стекла",
19719162,added,286,2025-09,high,"Тот-сервис, сервисный центр",
19712781,all_filtered,243,2025-09,,,IMPLAUSIBLE: ЖК На Давыдковской (Новостройки -> Новостройки) || IMPLAUSIBLE: Центр информирования по переселению (Аварийные / справочные / экстренные службы -> Справочные)
19712846,all_filtered,243,2025-09,,,IMPLAUSIBLE: ЖК На Давыдковской (Новостройки -> Новостройки) || IMPLAUSIBLE: Центр информирования по переселению (Аварийные / справочные / экстренные службы -> Справочные)
19712849,all_filtered,243,2025-09,,,IMPLAUSIBLE: ЖК На Давыдковской (Новостройки -> Новостройки) || IMPLAUSIBLE: Центр информирования по переселению (Аварийные / справочные / экстренные службы -> Справочные)
19723010,all_filtered,239,2025-09,,,IMPLAUSIBLE: Центр информирования по переселению (Аварийные / справочные / экстренные службы -> Справочные)
19723012,all_filtered,239,2025-09,,,IMPLAUSIBLE: Центр информирования по переселению (Аварийные / справочные / экстренные службы -> Справочные)
19724449,added,249,2025-09,high,"Glory, салон красоты",
19724766,all_filtered,237,2025-09,,,IMPLAUSIBLE: Центр информирования по переселению (Аварийные / справочные / экстренные службы -> Справочные)
19725764,all_filtered,236,2025-09,,,IMPLAUSIBLE: Центр информирования по переселению (Аварийные / справочные / экстренные службы -> Справочные)
19729967,all_filtered,245,2025-09,,,"AREA(850m² vs 5-600): МосВет, ветеринарная клиника и ветеринарная аптека"
19731951,added,244,2025-09,high,"Строймастер, магазин сантехники",
19732022,all_filtered,224,2025-09,,,IMPLAUSIBLE: Центр информирования по переселению (Аварийные / справочные / экстренные службы -> Справочные)
19735421,added,193,2025-09,medium,"Магнит, супермаркет","IMPLAUSIBLE: Халва, постамат №4121 (Бытовые услуги -> Постаматы) || AREA(692m² vs 5-480): Ozon"
19735848,all_filtered,218,2025-09,,,"IMPLAUSIBLE: Фонд реновации, Центр информирования по переселению (Аварийные / справочные / экстренные службы, Жилищно-коммунал)"
19742510,added,207,2025-09,medium,"Московский городской центр дезинфекции, дезинфекционная станция №4 | Мединсайт, клиника | Buta, мини-гостиница",
19743629,added,216,2025-09,high,"Omelchenko Gallery, художественная галерея",
19746744,all_filtered,195,2025-09,,,IMPLAUSIBLE: Центр информирования по переселению (Аварийные / справочные / экстренные службы -> Справочные)
19746745,all_filtered,195,2025-09,,,IMPLAUSIBLE: Центр информирования по переселению (Аварийные / справочные / экстренные службы -> Справочные)
19746768,all_filtered,200,2025-09,,,IMPLAUSIBLE: Центр информирования по переселению (Аварийные / справочные / экстренные службы -> Справочные)
19746769,all_filtered,200,2025-09,,,IMPLAUSIBLE: Центр информирования по переселению (Аварийные / справочные / экстренные службы -> Справочные)
19746770,all_filtered,200,2025-09,,,IMPLAUSIBLE: Центр информирования по переселению (Аварийные / справочные / экстренные службы -> Справочные)
19746771,all_filtered,200,2025-09,,,IMPLAUSIBLE: Центр информирования по переселению (Аварийные / справочные / экстренные службы -> Справочные)
19746772,all_filtered,200,2025-09,,,IMPLAUSIBLE: Центр информирования по переселению (Аварийные / справочные / экстренные службы -> Справочные)
19746773,all_filtered,200,2025-09,,,IMPLAUSIBLE: Центр информирования по переселению (Аварийные / справочные / экстренные службы -> Справочные)
19746774,all_filtered,200,2025-09,,,IMPLAUSIBLE: Центр информирования по переселению (Аварийные / справочные / экстренные службы -> Справочные)
19746775,all_filtered,200,2025-09,,,IMPLAUSIBLE: Центр информирования по переселению (Аварийные / справочные / экстренные службы -> Справочные)
19746942,all_filtered,200,2025-09,,,IMPLAUSIBLE: Центр информирования по переселению (Аварийные / справочные / экстренные службы -> Справочные)
19748671,all_filtered,195,2025-09,,,IMPLAUSIBLE: Центр информирования по переселению (Аварийные / справочные / экстренные службы -> Справочные)
19749222,all_filtered,195,2025-09,,,IMPLAUSIBLE: Центр информирования по переселению (Аварийные / справочные / экстренные службы -> Справочные)
19752317,added,196,2025-09,high,"Альба, туристическое агентство",
19753311,added,189,2025-09,medium,"Дикси, супермаркет","IMPLAUSIBLE: Бери заряд!, станция зарядки телефонов (Средства связи -> Станции зарядки телефонов)"
19756596,all_filtered,188,2025-09,,,"AREA(145m² vs 250-6000): Sfera dance club, студия танцев"
19757060,added,193,2025-09,high,Дом быта,
19758543,added,193,2025-09,medium,Охрана Росгвардии,"IMPLAUSIBLE: Участок №1, Участковый пункт полиции (Правоохранительные органы -> Участковые пункты полиции)"
19761296,added,188,2025-09,medium,"Ника, фирменный салон ювелирных часов | Центр неврологии и педиатрии",
19762293,all_filtered,183,2025-09,,,IMPLAUSIBLE: Центр информирования по переселению (Аварийные / справочные / экстренные службы -> Справочные)
19762312,all_filtered,183,2025-09,,,IMPLAUSIBLE: Центр информирования по переселению (Аварийные / справочные / экстренные службы -> Справочные)
19762327,all_filtered,183,2025-09,,,IMPLAUSIBLE: Центр информирования по переселению (Аварийные / справочные / экстренные службы -> Справочные)
19762430,all_filtered,187,2025-09,,,"AREA(31m² vs 50-42000): Самокат, офис"
